price,bedrooms,bathrooms,square_feet,cluster
1390,0.0,1.0,107,0
925,0.0,1.0,116,0
2475,0.0,1.0,130,0
1495,0.0,1.0,138,0
1695,0.0,1.0,190,0
1560,1.0,1.0,200,0
1560,1.0,1.0,200,0
1000,1.0,1.0,200,0
950,1.0,1.0,200,0
625,1.0,1.0,200,0
600,1.0,1.0,200,0
544,1.0,1.0,200,0
525,1.0,1.0,200,0
450,1.0,1.0,200,0
750,1.0,1.0,215,0
2000,1.0,1.0,219,0
1400,1.0,1.0,219,0
1095,1.0,1.0,219,0
915,1.0,1.0,219,0
900,1.0,1.0,219,0
865,1.0,1.0,219,0
750,1.0,1.0,219,0
725,1.0,1.0,219,0
650,1.0,1.0,219,0
650,1.0,1.0,219,0
645,1.0,1.0,219,0
595,1.0,1.0,219,0
750,1.0,1.0,220,0
1195,0.0,1.0,223,0
1150,0.0,1.0,225,0
942,1.0,1.0,225,0
1250,0.0,1.0,228,0
800,1.0,1.0,230,0
685,1.0,1.0,230,0
525,1.0,1.0,230,0
1095,0.0,1.0,231,0
1695,0.0,1.0,232,0
775,1.0,1.0,240,0
1299,0.0,1.0,243,0
705,1.0,1.0,245,0
1800,1.0,1.0,250,0
1600,1.0,1.0,250,0
1500,1.0,1.0,250,0
1330,1.0,1.0,250,0
1310,1.0,1.0,250,0
1300,1.0,1.0,250,0
1295,1.0,1.0,250,0
1255,1.0,1.0,250,0
1250,1.0,1.0,250,0
1250,1.0,1.0,250,0
1200,1.0,1.0,250,0
1200,1.0,1.0,250,0
1175,1.0,1.0,250,0
1155,1.0,1.0,250,0
1150,1.0,1.0,250,0
1145,1.0,1.0,250,0
1135,1.0,1.0,250,0
1115,1.0,1.0,250,0
1095,0.0,1.0,250,0
1090,1.0,1.0,250,0
1075,1.0,1.0,250,0
1050,1.0,1.0,250,0
1050,1.0,1.0,250,0
1045,1.0,1.0,250,0
1025,1.0,1.0,250,0
1025,1.0,1.0,250,0
1005,1.0,1.0,250,0
1000,1.0,1.0,250,0
1000,1.0,1.0,250,0
1000,1.0,1.0,250,0
1000,1.0,1.0,250,0
1000,1.0,1.0,250,0
1000,1.0,1.0,250,0
1000,1.0,1.0,250,0
975,1.0,1.0,250,0
965,1.0,1.0,250,0
955,1.0,1.0,250,0
950,1.0,1.0,250,0
950,1.0,1.0,250,0
930,1.0,1.0,250,0
925,1.0,1.0,250,0
925,1.0,1.0,250,0
925,1.0,1.0,250,0
915,1.0,1.0,250,0
900,1.0,1.0,250,0
900,1.0,1.0,250,0
900,1.0,1.0,250,0
900,1.0,1.0,250,0
900,1.0,1.0,250,0
900,1.0,1.0,250,0
895,1.0,1.0,250,0
895,1.0,1.0,250,0
875,1.0,1.0,250,0
865,1.0,1.0,250,0
865,1.0,1.0,250,0
860,1.0,1.0,250,0
855,1.0,1.0,250,0
850,1.0,1.0,250,0
850,1.0,1.0,250,0
850,1.0,1.0,250,0
850,1.0,1.0,250,0
850,1.0,1.0,250,0
850,1.0,1.0,250,0
825,1.0,1.0,250,0
805,1.0,1.0,250,0
800,1.0,1.0,250,0
800,1.0,1.0,250,0
800,1.0,1.0,250,0
800,1.0,1.0,250,0
800,1.0,1.0,250,0
800,1.0,1.0,250,0
795,1.0,1.0,250,0
785,1.0,1.0,250,0
785,1.0,1.0,250,0
760,1.0,1.0,250,0
755,1.0,1.0,250,0
755,1.0,1.0,250,0
755,1.0,1.0,250,0
750,1.0,1.0,250,0
750,1.0,1.0,250,0
750,1.0,1.0,250,0
750,1.0,1.0,250,0
725,1.0,1.0,250,0
725,1.0,1.0,250,0
720,1.0,1.0,250,0
705,1.0,1.0,250,0
700,1.0,1.0,250,0
700,1.0,1.0,250,0
700,1.0,1.0,250,0
700,1.0,1.0,250,0
700,1.0,1.0,250,0
700,1.0,1.0,250,0
700,1.0,1.0,250,0
700,1.0,1.0,250,0
700,1.0,1.0,250,0
695,0.0,1.0,250,0
695,1.0,1.0,250,0
685,1.0,1.0,250,0
685,1.0,1.0,250,0
675,1.0,1.0,250,0
675,1.0,1.0,250,0
660,1.0,1.0,250,0
650,1.0,1.0,250,0
650,1.0,1.0,250,0
650,1.0,1.0,250,0
650,1.0,1.0,250,0
650,1.0,1.0,250,0
645,1.0,1.0,250,0
645,1.0,1.0,250,0
625,1.0,1.0,250,0
625,1.0,1.0,250,0
610,1.0,1.0,250,0
600,1.0,1.0,250,0
600,1.0,1.0,250,0
600,1.0,1.0,250,0
600,1.0,1.0,250,0
600,1.0,1.0,250,0
600,1.0,1.0,250,0
600,1.0,1.0,250,0
595,1.0,1.0,250,0
580,1.0,1.0,250,0
575,1.0,1.0,250,0
575,1.0,1.0,250,0
550,1.0,1.0,250,0
550,1.0,1.0,250,0
500,1.0,1.0,250,0
500,1.0,1.0,250,0
500,1.0,1.0,250,0
499,1.0,1.0,250,0
495,1.0,1.0,250,0
200,1.0,1.0,250,0
1325,0.0,1.0,253,0
1400,0.0,1.0,255,0
1995,0.0,1.0,258,0
710,1.0,1.0,265,0
1659,1.0,1.0,272,0
1600,1.0,1.0,272,0
850,1.0,1.0,273,0
1900,0.0,1.0,275,0
1505,1.0,1.0,275,0
900,1.0,1.0,275,0
892,0.0,1.0,275,0
705,1.0,1.0,275,0
1240,1.0,1.0,280,0
870,1.0,1.0,285,0
1095,0.0,1.0,286,0
1350,0.0,1.0,288,0
865,1.0,1.0,288,0
690,1.0,1.0,288,0
1099,0.0,1.0,290,0
700,1.0,1.0,290,0
850,0.0,1.0,296,0
2200,0.0,1.0,300,0
2112,1.0,1.0,300,0
1868,1.0,1.0,300,0
1785,1.0,1.0,300,0
1575,1.0,1.0,300,0
1534,1.0,1.0,300,0
1470,1.0,1.0,300,0
1470,1.0,1.0,300,0
1470,1.0,1.0,300,0
1425,2.0,1.0,300,0
1386,1.0,1.0,300,0
1195,0.0,1.0,300,0
995,1.0,1.0,300,0
975,0.0,1.0,300,0
911,1.0,1.0,300,0
900,0.0,1.0,300,0
800,1.0,1.0,300,0
800,1.0,1.0,300,0
795,1.0,1.0,300,0
795,1.0,1.0,300,0
775,1.0,1.0,300,0
760,0.0,1.0,300,0
750,1.0,1.0,300,0
725,1.0,1.0,300,0
700,1.0,1.0,300,0
650,1.0,1.0,300,0
595,1.0,1.0,300,0
590,1.0,1.0,300,0
590,2.0,1.0,300,0
585,2.0,1.0,300,0
580,2.0,1.0,300,0
400,1.0,1.0,300,0
1195,1.0,1.0,301,0
1094,1.0,1.0,306,0
725,0.0,1.0,308,0
1099,0.0,1.0,309,0
1222,2.0,1.0,310,0
2195,0.0,1.0,313,0
760,1.0,1.0,313,0
650,2.0,1.0,314,0
2695,0.0,1.0,315,0
730,2.0,1.0,315,0
659,0.0,1.0,315,0
775,1.0,1.0,317,0
1350,0.0,1.0,318,0
1100,1.0,1.0,319,0
965,1.0,1.0,320,0
675,0.0,1.0,320,0
925,1.0,1.0,321,0
845,1.0,1.0,322,0
700,2.0,1.0,324,0
2700,2.0,1.0,325,0
1995,2.0,1.0,325,0
1350,1.0,1.0,325,0
1349,2.0,1.0,325,0
975,2.0,1.0,325,0
925,0.0,1.0,325,0
899,2.0,1.0,325,0
700,2.0,1.0,325,0
325,2.0,1.0,325,0
915,1.0,1.0,330,0
799,0.0,1.0,330,0
710,1.0,1.0,330,0
2695,2.0,1.0,332,0
2295,1.0,1.0,332,0
1079,2.0,1.0,333,0
1386,2.0,1.0,334,0
800,1.0,1.0,335,0
2195,0.0,1.0,336,0
1100,2.0,1.0,336,0
1099,1.0,1.0,336,0
625,0.0,1.0,336,0
809,2.0,1.0,337,0
2295,0.0,1.0,338,0
1160,2.0,1.0,338,0
998,2.0,1.0,338,0
990,2.0,1.0,338,0
785,1.0,1.0,340,0
720,2.0,1.0,340,0
1240,0.0,1.0,341,0
2395,0.0,1.0,342,0
480,2.0,1.0,342,0
800,0.0,1.0,344,0
1655,1.0,1.0,346,0
899,1.0,1.0,346,0
600,1.0,1.0,347,0
699,2.0,1.0,348,0
2195,0.0,1.0,350,0
1670,2.0,1.0,350,0
1650,1.0,1.0,350,0
1550,2.0,1.0,350,0
1400,0.0,1.0,350,0
1299,0.0,1.0,350,0
1299,0.0,1.0,350,0
1200,2.0,1.0,350,0
1145,1.0,1.0,350,0
1000,1.0,1.0,350,0
940,0.0,1.0,350,0
895,2.0,1.0,350,0
875,0.0,1.0,350,0
800,1.0,1.0,350,0
710,0.0,1.0,350,0
699,0.0,1.0,350,0
695,2.0,1.0,350,0
592,0.0,1.0,350,0
1225,1.0,1.0,351,0
1246,2.0,1.0,352,0
1225,0.0,1.0,352,0
675,1.0,1.0,354,0
1400,0.0,1.0,355,0
585,1.0,1.0,355,0
1125,2.0,1.0,357,0
614,2.0,1.0,357,0
1225,2.0,1.0,360,0
875,2.0,1.0,360,0
850,2.0,1.0,360,0
670,1.0,1.0,360,0
639,1.0,1.0,360,0
495,1.0,1.0,360,0
1750,2.0,1.0,362,0
1050,1.0,1.0,362,0
950,0.0,1.0,362,0
1200,2.0,1.0,367,0
985,1.0,1.0,367,0
965,2.0,1.0,368,0
530,1.0,1.0,368,0
1530,2.0,1.0,369,0
1000,1.0,1.0,369,0
720,1.0,1.0,369,0
1225,0.0,1.0,370,0
1025,1.0,1.0,370,0
765,1.0,1.0,370,0
1975,1.0,1.0,375,0
1525,1.0,1.0,375,0
1175,1.0,1.0,375,0
940,2.0,1.0,375,0
850,1.0,1.0,375,0
829,1.0,1.0,375,0
799,0.0,1.0,375,0
773,2.0,1.0,375,0
386,1.0,1.0,375,0
1400,2.0,1.0,377,0
3095,1.0,1.0,378,0
1275,2.0,1.0,378,0
929,0.0,1.0,378,0
1591,2.0,1.0,379,0
2895,1.0,1.0,380,0
2695,0.0,1.0,380,0
1400,0.0,1.0,380,0
955,2.0,1.0,380,0
540,1.0,1.0,380,0
2895,2.0,1.0,381,0
2874,2.0,1.0,382,0
635,2.0,1.0,382,0
902,1.0,1.0,384,0
2395,0.0,1.0,385,0
1250,1.0,1.0,385,0
540,1.0,1.0,385,0
350,1.0,1.0,385,0
1262,2.0,1.0,386,0
1115,0.0,1.0,389,0
2095,2.0,1.0,390,0
1800,1.0,1.0,390,0
879,2.0,1.0,390,0
699,1.0,1.0,390,0
640,1.0,1.0,390,0
999,1.0,1.0,391,0
959,1.0,1.0,391,0
1654,0.0,1.0,393,0
995,2.0,1.0,393,0
919,0.0,1.0,394,0
1350,0.0,1.0,395,0
1045,1.0,1.0,395,0
976,2.0,1.0,395,0
762,2.0,1.0,395,0
1050,1.0,1.0,396,0
1225,1.0,1.0,397,0
2495,2.0,1.0,398,0
1173,1.0,1.0,398,0
1005,2.0,1.0,398,0
1000,2.0,1.0,398,0
875,2.0,1.0,398,0
3000,2.0,1.0,400,0
2450,0.0,1.0,400,0
2050,1.0,1.0,400,0
1659,0.0,1.0,400,0
1625,1.0,1.0,400,0
1599,2.0,1.0,400,0
1599,0.0,1.0,400,0
1580,1.0,1.0,400,0
1500,1.0,1.0,400,0
1500,1.0,1.0,400,0
1450,0.0,1.0,400,0
1415,1.0,1.0,400,0
1400,1.0,1.0,400,0
1395,1.0,1.0,400,0
1375,1.0,1.0,400,0
1355,1.0,1.0,400,0
1345,1.0,1.0,400,0
1250,1.0,1.0,400,0
1242,2.0,1.0,400,0
1225,1.0,1.0,400,0
1215,1.0,1.0,400,0
1200,1.0,1.0,400,0
1160,1.0,1.0,400,0
1150,1.0,1.0,400,0
1100,1.0,1.0,400,0
1100,1.0,1.0,400,0
1099,2.0,1.0,400,0
1095,1.0,1.0,400,0
1090,2.0,1.0,400,0
1085,2.0,1.0,400,0
1050,1.0,1.0,400,0
1045,2.0,1.0,400,0
1040,2.0,1.0,400,0
1035,1.0,1.0,400,0
1012,2.0,1.0,400,0
1000,1.0,1.0,400,0
1000,1.0,1.0,400,0
995,1.0,1.0,400,0
975,3.0,1.0,400,0
975,0.0,1.0,400,0
975,1.0,1.0,400,0
950,1.0,1.0,400,0
945,2.0,1.0,400,0
925,0.0,1.0,400,0
925,1.0,1.0,400,0
925,1.0,1.0,400,0
919,1.0,1.0,400,0
910,1.0,1.0,400,0
900,3.0,1.0,400,0
900,1.0,1.0,400,0
900,1.0,1.0,400,0
899,1.0,1.0,400,0
895,2.0,1.0,400,0
895,0.0,1.0,400,0
895,0.0,1.0,400,0
895,0.0,1.0,400,0
875,1.0,1.0,400,0
875,2.0,1.0,400,0
875,1.0,1.0,400,0
865,1.0,1.0,400,0
857,2.0,1.0,400,0
850,0.0,1.0,400,0
850,1.0,1.0,400,0
850,1.0,1.0,400,0
845,1.0,1.0,400,0
829,0.0,1.0,400,0
800,1.0,1.0,400,0
799,1.0,1.0,400,0
799,2.0,1.0,400,0
750,0.0,1.5,400,0
720,2.0,1.0,400,0
720,1.0,1.0,400,0
700,1.0,1.0,400,0
700,1.0,1.0,400,0
695,2.0,1.0,400,0
691,1.0,1.0,400,0
690,1.0,1.0,400,0
660,1.0,1.0,400,0
615,0.0,1.0,400,0
600,1.0,1.0,400,0
600,1.0,1.0,400,0
599,2.0,1.0,400,0
500,0.0,1.0,400,0
499,1.0,1.0,400,0
475,1.0,1.0,400,0
435,1.0,1.0,400,0
425,2.0,1.0,400,0
300,2.0,1.0,400,0
975,1.0,1.0,401,0
2460,2.0,1.0,402,0
1050,2.0,1.0,403,0
1198,2.0,2.0,404,2
635,1.0,1.0,404,0
1975,0.0,1.0,405,0
1725,2.0,1.0,405,0
1495,0.0,1.0,405,0
1085,1.0,1.0,405,0
1085,0.0,1.0,405,0
780,3.0,1.0,405,0
1670,1.0,1.0,406,0
1650,0.0,1.0,406,0
1025,2.0,1.0,406,0
950,0.0,1.0,407,0
2495,0.0,1.0,408,0
1225,0.0,1.0,408,0
1350,2.0,1.0,409,0
950,1.0,1.0,409,0
1450,2.0,1.0,410,0
950,0.0,1.0,410,0
925,2.0,1.0,410,0
925,1.0,1.0,410,0
859,2.0,1.0,410,0
695,1.0,1.0,410,0
595,2.0,1.0,410,0
595,2.0,1.0,410,0
560,1.0,1.0,410,0
420,1.0,1.0,410,0
965,2.0,1.0,411,0
1115,2.0,1.0,412,0
1039,1.0,1.0,413,0
1540,2.0,1.0,414,0
1300,1.0,1.0,414,0
895,2.0,1.0,414,0
750,1.0,1.0,414,0
715,2.0,1.0,414,0
1450,2.0,1.0,415,0
1300,2.0,1.0,415,0
1130,1.0,1.0,415,0
1015,1.0,1.0,415,0
999,2.0,1.0,415,0
699,0.0,1.0,415,0
699,0.0,1.0,415,0
650,1.0,1.0,415,0
1399,2.0,1.0,416,0
4000,2.0,1.0,417,0
2013,3.0,1.0,418,0
1294,2.0,1.0,418,0
1175,2.0,1.0,418,0
875,2.0,1.0,418,0
2895,0.0,1.0,419,0
1890,1.0,1.0,419,0
2100,1.0,1.0,420,0
1640,1.0,1.0,420,0
1255,1.0,1.0,420,0
1250,1.0,1.0,420,0
1050,1.0,1.0,420,0
999,1.0,1.0,420,0
995,0.0,1.0,420,0
920,2.0,1.0,420,0
920,1.0,1.0,420,0
850,1.0,1.0,420,0
725,1.0,1.0,420,0
699,1.0,1.0,420,0
600,2.0,1.0,420,0
569,3.0,1.0,420,0
560,1.0,1.0,420,0
1295,1.0,1.0,422,0
870,2.0,1.0,422,0
805,2.0,1.0,422,0
685,2.0,1.0,422,0
1219,3.0,1.0,423,0
885,2.0,1.0,423,0
1570,0.0,1.0,425,0
1405,2.0,1.0,425,0
1399,1.0,1.0,425,0
1350,0.0,1.0,425,0
1170,2.0,1.0,425,0
995,0.0,1.0,425,0
925,1.0,1.0,425,0
905,0.0,1.0,425,0
800,1.0,1.0,425,0
799,1.0,1.0,425,0
795,1.0,1.0,425,0
2135,1.0,1.0,426,0
2060,1.0,1.0,426,0
1295,1.0,1.0,426,0
1045,2.0,1.0,426,0
899,0.0,1.0,426,0
814,1.0,1.0,426,0
1745,2.0,1.0,428,0
1395,1.0,1.0,428,0
1249,2.0,1.0,428,0
1195,2.0,1.0,428,0
785,3.0,1.0,428,0
699,1.0,1.0,428,0
2695,0.0,1.0,429,0
1325,1.0,1.0,430,0
1125,2.0,1.0,430,0
895,0.0,1.0,430,0
895,1.0,1.0,430,0
845,1.0,1.0,430,0
800,2.0,1.0,430,0
775,2.0,1.0,430,0
775,2.0,1.0,430,0
765,2.0,1.0,430,0
765,2.0,1.0,430,0
650,0.0,1.0,430,0
645,1.0,1.0,430,0
1549,2.0,1.0,431,0
1530,2.0,1.0,431,0
1500,0.0,1.0,431,0
3095,1.0,1.0,432,0
2509,1.0,1.0,432,0
890,2.0,1.0,432,0
1895,2.0,1.0,433,0
899,2.0,1.0,433,0
1645,2.0,1.0,434,0
1026,3.0,1.0,434,0
827,2.0,1.0,434,0
1630,1.0,1.0,435,0
1250,2.0,1.0,435,0
1150,2.0,1.0,435,0
1344,1.0,1.0,436,0
895,0.0,1.0,437,0
1215,1.0,1.0,438,0
1100,1.0,1.0,438,0
1040,2.0,1.0,438,0
2995,2.0,1.0,439,0
949,3.0,1.0,440,0
899,2.0,1.0,440,0
881,2.0,1.0,440,0
879,0.0,1.0,440,0
835,1.0,1.0,440,0
740,1.0,1.0,440,0
635,1.0,1.0,440,0
2795,1.0,1.0,441,0
2295,1.0,1.0,441,0
1270,2.0,1.0,441,0
989,2.0,1.0,441,0
1195,1.0,1.0,442,0
750,1.0,1.0,442,0
535,2.0,1.0,442,0
535,2.0,1.0,442,0
665,1.0,1.0,443,0
1250,1.0,1.0,444,0
837,1.0,1.0,444,0
830,2.0,1.0,444,0
2341,2.0,1.0,445,0
1295,0.0,1.0,445,0
1175,1.0,1.0,445,0
1530,2.0,1.0,446,0
1325,1.0,1.0,446,0
1099,2.0,1.0,446,0
545,1.0,1.0,446,0
2895,1.0,1.0,447,0
2195,0.0,1.0,447,0
1684,2.0,1.0,447,0
1335,2.0,1.0,447,0
895,1.0,1.0,447,0
775,1.0,1.0,447,0
675,1.0,1.0,447,0
2500,1.0,1.0,448,0
1729,2.0,1.0,448,0
1688,2.0,1.0,448,0
739,2.0,1.0,448,0
950,1.0,1.0,449,0
820,2.0,1.0,449,0
3000,0.0,1.0,450,0
1950,1.0,1.0,450,0
1818,2.0,1.0,450,0
1795,0.0,1.0,450,0
1750,0.0,1.0,450,0
1535,1.0,1.0,450,0
1495,0.0,1.0,450,0
1475,2.0,1.0,450,0
1365,1.0,1.0,450,0
1349,1.0,1.0,450,0
1345,1.0,1.0,450,0
1299,2.0,1.0,450,0
1295,0.0,1.0,450,0
1225,1.0,1.0,450,0
1225,2.0,1.0,450,0
1200,2.0,1.0,450,0
1199,2.0,1.0,450,0
1195,1.0,1.0,450,0
1195,1.0,1.0,450,0
1095,2.0,1.0,450,0
1073,2.0,1.0,450,0
1069,1.0,1.0,450,0
1041,3.0,1.0,450,0
1000,0.0,1.0,450,0
995,1.0,1.0,450,0
969,2.0,1.0,450,0
900,1.0,1.0,450,0
897,2.0,1.0,450,0
884,1.0,1.0,450,0
860,2.0,1.0,450,0
829,2.0,1.0,450,0
799,2.0,1.0,450,0
790,1.0,1.0,450,0
770,1.0,1.0,450,0
766,1.0,1.0,450,0
752,2.0,1.0,450,0
750,1.0,1.0,450,0
725,1.0,1.0,450,0
719,1.0,1.0,450,0
687,2.0,1.0,450,0
675,1.0,1.0,450,0
655,1.0,1.0,450,0
650,2.0,1.0,450,0
635,3.0,1.0,450,0
600,1.0,1.0,450,0
595,0.0,1.0,450,0
575,0.0,1.0,450,0
500,1.0,1.0,450,0
490,0.0,1.0,450,0
475,1.0,1.0,450,0
2525,1.0,1.0,451,0
1818,0.0,1.0,451,0
1483,3.0,1.0,451,0
805,2.0,1.0,451,0
1796,1.0,1.0,452,0
605,3.0,1.0,452,0
1722,1.0,1.0,453,0
1650,0.0,1.0,453,0
3595,1.0,1.0,454,0
950,1.0,1.0,454,0
1250,1.0,1.0,455,0
570,1.0,1.0,455,0
550,0.0,1.0,455,0
1830,2.0,1.0,456,0
1795,2.0,1.0,456,0
1612,2.0,1.0,456,0
835,1.0,1.0,456,0
825,2.0,1.0,456,0
825,1.0,1.0,456,0
550,1.0,1.0,456,0
1230,2.0,1.0,457,0
2395,1.0,1.0,458,0
485,2.0,1.0,458,0
1275,1.0,1.0,459,0
1135,2.0,1.0,459,0
700,3.0,1.0,459,0
1695,2.0,1.0,460,0
1469,1.0,1.0,460,0
1150,3.0,1.0,460,0
840,1.0,1.0,460,0
820,1.0,1.0,460,0
815,0.0,1.0,460,0
805,1.0,1.0,460,0
785,2.0,1.0,460,0
709,1.0,1.0,460,0
705,2.0,1.0,460,0
525,1.0,1.0,460,0
1125,2.0,1.0,461,0
1245,2.0,1.0,462,0
600,1.0,1.0,462,0
560,1.0,1.0,463,0
1905,2.0,1.0,464,0
890,1.0,1.0,464,0
705,1.0,1.0,464,0
1510,2.0,1.0,465,0
1475,1.0,1.0,465,0
931,2.0,1.0,465,0
840,1.0,1.0,465,0
695,2.0,1.0,465,0
560,1.0,1.0,465,0
3095,1.0,1.0,466,0
1330,2.0,1.0,467,0
689,2.0,2.0,467,2
1100,1.0,1.0,468,0
1099,1.0,1.0,468,0
1040,1.0,1.0,468,0
885,2.0,1.0,468,0
749,1.0,1.0,468,0
740,1.0,1.0,468,0
625,1.0,1.0,468,0
1395,1.0,1.0,469,0
1210,1.0,1.0,469,0
1100,0.0,1.0,469,0
2000,1.0,1.0,470,0
1995,1.0,1.0,470,0
1755,2.0,1.0,470,0
1625,1.0,1.0,470,0
1570,1.0,1.0,470,0
1475,1.0,1.0,470,0
1040,2.0,1.0,470,0
1039,1.0,1.0,470,0
1009,2.0,1.0,470,0
999,1.0,1.0,470,0
800,1.0,1.0,470,0
550,3.0,1.0,470,0
3195,1.0,1.0,471,0
1500,2.0,1.0,471,0
3300,1.0,1.0,472,0
1206,1.0,1.0,472,0
1165,2.0,1.0,472,0
715,1.0,1.0,472,0
1210,2.0,1.0,473,0
3395,1.0,1.0,474,0
960,3.0,1.0,474,0
855,3.0,1.0,474,0
1625,1.0,1.0,475,0
1350,1.0,1.0,475,0
1295,1.0,1.0,475,0
1150,2.0,1.0,475,0
1125,0.0,1.0,475,0
1095,1.0,1.0,475,0
1050,1.0,1.0,475,0
940,1.0,1.0,475,0
933,2.0,1.0,475,0
901,2.0,1.0,475,0
900,2.0,1.0,475,0
847,2.0,1.0,475,0
740,1.0,1.0,475,0
721,1.0,1.0,475,0
645,1.0,1.0,475,0
1200,2.0,1.0,476,0
845,1.0,1.0,476,0
690,1.0,1.0,476,0
1610,3.0,1.0,477,0
1350,1.0,1.0,477,0
835,1.0,1.0,477,0
785,1.0,1.0,477,0
3095,1.0,1.0,478,0
1875,0.0,1.0,478,0
535,2.0,1.0,478,0
1708,0.0,1.0,479,0
1295,0.0,1.0,479,0
890,2.0,1.0,479,0
829,2.0,1.0,479,0
687,1.0,1.0,479,0
495,1.0,1.0,479,0
2650,0.0,1.0,480,0
1747,0.0,1.0,480,0
1102,2.0,1.0,480,0
969,1.0,1.0,480,0
858,1.0,1.0,480,0
710,1.0,1.0,480,0
689,1.0,1.0,480,0
669,1.0,1.0,480,0
575,1.0,1.0,480,0
1538,2.0,1.0,481,0
1145,3.0,1.0,481,0
1014,1.0,1.0,481,0
990,1.0,1.0,481,0
926,1.0,1.0,481,0
922,1.0,1.0,481,0
845,1.0,1.0,481,0
711,1.0,1.0,482,0
1926,2.0,1.0,483,0
1595,1.0,1.0,483,0
875,3.0,1.0,483,0
955,1.0,1.0,484,0
890,3.0,1.0,484,0
675,1.0,1.0,484,0
450,1.0,1.0,484,0
4200,1.0,1.0,485,0
1220,1.0,1.0,485,0
1125,1.0,1.0,485,0
925,1.0,1.0,485,0
895,2.0,1.0,485,0
1499,1.0,1.0,486,0
1350,2.0,1.0,486,0
1235,1.0,1.0,486,0
1093,1.0,1.0,486,0
1360,2.0,1.0,487,0
859,1.0,1.0,487,0
615,3.0,1.0,487,0
2394,2.0,1.0,488,0
1799,1.0,1.0,488,0
1610,2.0,1.0,488,0
1570,1.0,1.0,488,0
1275,1.0,1.0,488,0
1185,2.0,1.0,488,0
1069,1.0,1.0,488,0
895,2.0,1.0,488,0
1537,2.0,1.0,489,0
1485,1.0,1.0,489,0
1427,1.0,1.0,489,0
1417,2.0,1.0,489,0
1397,2.0,1.0,489,0
1061,2.0,1.0,489,0
1575,2.0,1.0,490,0
1505,1.0,1.0,490,0
1500,0.0,1.0,490,0
1500,2.0,1.0,490,0
1250,1.0,1.0,490,0
1199,1.0,1.0,490,0
1160,2.0,1.0,490,0
1130,0.0,1.0,490,0
909,1.0,1.0,490,0
800,2.0,1.0,490,0
790,2.0,1.0,490,0
650,2.0,1.0,490,0
1365,1.0,1.0,491,0
1249,2.0,1.0,491,0
1215,2.0,1.0,491,0
1000,1.0,1.0,491,0
919,1.0,1.0,491,0
869,1.0,1.0,491,0
1505,2.0,1.0,492,0
870,2.0,1.0,493,0
750,2.0,1.0,493,0
995,1.0,1.0,494,0
620,3.0,1.0,494,0
3600,2.0,1.0,495,0
1825,1.0,1.0,495,0
1615,2.0,1.0,495,0
1495,0.0,1.0,495,0
1467,2.0,1.0,495,0
980,0.0,1.0,495,0
929,1.0,1.0,495,0
888,1.0,1.0,495,0
800,1.0,1.0,495,0
1776,2.0,1.0,496,0
1540,2.0,1.0,496,0
1375,2.0,1.0,496,0
1325,2.0,1.0,497,0
1295,1.0,1.0,497,0
1188,2.0,1.0,497,0
917,1.0,1.0,497,0
1665,2.0,1.0,498,0
1065,3.0,1.0,498,0
1631,2.0,1.0,499,0
1310,2.0,1.0,499,0
817,2.0,1.0,499,0
799,2.0,1.0,499,0
2999,1.0,1.0,500,0
2295,1.0,1.0,500,0
2250,1.0,1.0,500,0
2160,1.0,1.0,500,0
1995,2.0,1.0,500,0
1885,1.0,1.0,500,0
1850,1.0,1.0,500,0
1799,4.0,1.0,500,2
1795,1.0,1.0,500,0
1700,2.0,1.0,500,0
1695,2.0,1.0,500,0
1635,0.0,1.0,500,0
1600,1.0,1.0,500,0
1599,1.0,1.0,500,0
1599,1.0,1.0,500,0
1595,2.0,1.0,500,0
1585,1.0,1.0,500,0
1495,1.0,1.0,500,0
1410,2.0,1.0,500,0
1395,1.0,1.0,500,0
1365,1.0,1.0,500,0
1365,1.0,1.0,500,0
1350,0.0,1.0,500,0
1345,2.0,1.0,500,0
1326,1.0,1.0,500,0
1305,2.0,1.0,500,0
1300,1.0,1.0,500,0
1300,2.0,1.0,500,0
1295,1.0,1.0,500,0
1279,1.0,1.0,500,0
1250,1.0,1.0,500,0
1248,2.0,1.0,500,0
1245,1.0,1.0,500,0
1209,1.0,1.0,500,0
1195,1.0,1.0,500,0
1145,1.0,1.0,500,0
1119,1.0,1.0,500,0
1050,1.0,1.0,500,0
1025,2.0,1.0,500,0
999,1.0,1.0,500,0
995,1.0,1.0,500,0
989,2.0,1.0,500,0
956,3.0,1.0,500,0
950,1.0,1.0,500,0
950,1.0,1.0,500,0
949,1.0,1.0,500,0
944,1.0,1.0,500,0
935,2.0,1.0,500,0
925,1.0,1.0,500,0
920,1.0,1.0,500,0
900,2.0,1.0,500,0
895,0.0,1.0,500,0
890,1.0,1.0,500,0
875,1.0,1.0,500,0
849,2.0,1.0,500,0
840,1.0,1.0,500,0
835,1.0,1.0,500,0
829,2.0,1.0,500,0
820,2.0,1.0,500,0
819,1.0,1.0,500,0
800,3.0,1.0,500,0
800,1.0,1.0,500,0
800,1.0,1.0,500,0
799,1.0,1.0,500,0
780,1.0,1.0,500,0
775,1.0,1.0,500,0
760,1.0,1.0,500,0
750,1.0,1.0,500,0
747,2.0,1.0,500,0
739,1.0,1.0,500,0
736,1.0,1.0,500,0
729,1.0,1.0,500,0
725,1.0,1.0,500,0
700,1.0,1.0,500,0
695,1.0,1.0,500,0
660,1.0,1.0,500,0
650,1.0,1.0,500,0
645,1.0,1.0,500,0
625,1.0,1.0,500,0
615,1.0,1.0,500,0
615,2.0,1.0,500,0
605,2.0,1.0,500,0
600,1.0,1.0,500,0
599,1.0,1.0,500,0
575,4.0,1.0,500,2
575,1.0,1.0,500,0
565,2.0,1.0,500,0
560,1.0,1.0,500,0
555,3.0,1.0,500,0
525,1.0,1.0,500,0
510,0.0,1.0,500,0
501,1.0,1.0,500,0
495,4.0,1.0,500,2
495,1.0,1.0,500,0
495,2.0,1.0,500,0
475,1.0,2.0,500,0
365,1.0,1.0,500,0
2501,2.0,1.0,501,0
1405,1.0,1.0,501,0
885,1.0,1.0,501,0
1275,1.0,1.0,502,0
1259,2.0,1.0,502,0
949,3.0,1.0,502,0
935,2.0,1.0,502,0
625,1.0,1.0,502,0
2195,2.0,1.0,503,0
1675,0.0,1.0,503,0
841,1.0,1.0,503,0
2750,1.0,1.0,504,0
1554,3.0,2.0,504,2
1260,1.0,1.0,504,0
950,1.0,1.0,504,0
889,2.0,1.0,504,0
795,2.0,1.0,504,0
785,1.0,1.0,504,0
742,1.0,1.0,504,0
680,1.0,1.0,504,0
540,1.0,1.0,504,0
1934,0.0,1.0,505,0
1626,1.0,1.0,505,0
1450,2.0,1.0,505,0
1375,1.0,1.0,505,0
1138,2.0,1.0,505,0
1093,1.0,1.0,505,0
874,0.0,1.0,505,0
675,1.0,1.0,505,0
675,1.0,1.0,505,0
674,1.0,1.0,505,0
495,1.0,1.0,505,0
1630,2.0,1.0,506,0
1095,2.0,1.0,506,0
855,1.0,1.0,506,0
1297,3.0,1.0,507,0
850,1.0,1.0,507,0
822,1.0,1.0,507,0
2995,1.0,1.0,508,0
1350,1.0,1.0,508,0
1299,1.0,1.0,508,0
1200,1.0,1.0,508,0
1050,2.0,1.0,508,0
775,2.0,1.0,508,0
973,1.0,1.0,509,0
2050,1.0,1.0,510,0
1640,1.0,1.0,510,0
1450,1.0,1.0,510,0
1443,3.0,1.0,510,0
1246,1.0,1.0,510,0
1239,1.0,1.0,510,0
1225,3.0,1.0,510,0
1125,1.0,1.0,510,0
1050,1.0,1.0,510,0
1002,1.0,1.0,510,0
839,3.0,1.0,510,0
770,1.0,1.0,510,0
602,1.0,1.0,510,0
600,1.0,1.0,510,0
577,1.0,1.0,510,0
577,1.0,1.0,510,0
565,3.0,1.0,510,0
1755,2.0,1.0,511,0
1707,3.0,1.0,511,0
720,1.0,1.0,511,0
1350,1.0,1.0,512,0
1050,2.0,1.0,512,0
994,1.0,1.0,512,0
994,1.0,1.0,512,0
902,1.0,1.0,512,0
840,1.0,1.0,512,0
755,1.0,1.0,512,0
1799,1.0,1.0,513,0
1575,1.0,1.0,513,0
850,2.0,1.0,513,0
1850,2.0,1.0,514,0
1799,0.0,1.0,514,0
1745,1.0,1.0,514,0
1375,1.0,1.0,514,0
1300,3.0,1.0,514,0
1009,1.0,1.0,514,0
1900,2.0,1.0,515,0
1680,2.0,1.0,515,0
1305,2.0,1.0,515,0
1190,3.0,1.0,515,0
1155,1.0,1.0,515,0
1120,2.0,1.0,515,0
1000,2.0,1.0,515,0
820,1.0,1.0,515,0
725,1.0,1.0,515,0
694,1.0,1.0,515,0
555,3.0,1.0,515,0
550,3.0,1.0,515,0
545,4.0,1.0,515,2
545,3.0,1.0,515,0
1374,3.0,1.0,516,0
1130,1.0,1.0,516,0
1000,3.0,1.0,516,0
974,1.0,1.0,516,0
970,2.0,1.0,516,0
1352,3.0,1.0,517,0
1250,1.0,1.0,517,0
949,2.0,1.0,517,0
896,1.0,1.0,517,0
1609,2.0,1.0,518,0
1600,2.0,1.0,518,0
1305,1.0,1.0,518,0
1060,1.0,1.0,518,0
909,1.0,1.0,518,0
905,1.0,1.0,518,0
850,1.0,1.0,518,0
849,1.0,1.0,518,0
599,1.0,1.0,518,0
2749,1.0,1.0,519,0
1099,1.0,1.0,519,0
1009,2.0,1.0,519,0
991,1.0,1.0,519,0
570,1.0,1.0,519,0
565,2.0,1.0,519,0
1780,1.0,1.0,520,0
1772,0.0,1.0,520,0
1625,1.0,1.0,520,0
1458,2.0,1.0,520,0
1400,1.0,1.0,520,0
1400,2.0,1.0,520,0
920,1.0,1.0,520,0
880,1.0,1.0,520,0
879,4.0,1.0,520,2
850,1.0,1.0,520,0
845,1.0,1.0,520,0
830,1.0,1.0,520,0
825,1.0,1.0,520,0
757,1.0,1.0,520,0
750,1.0,1.0,520,0
725,1.0,1.0,520,0
635,3.0,1.0,520,0
610,3.0,1.0,520,0
1182,3.0,1.0,521,0
1805,2.0,1.0,522,0
1805,2.0,1.0,522,0
1802,3.0,1.0,522,0
1724,3.0,1.0,522,0
1662,2.0,1.0,522,0
1085,3.0,1.0,522,0
999,1.0,1.0,522,0
860,1.0,1.0,522,0
805,1.0,1.0,522,0
555,3.0,1.0,522,0
1135,4.0,1.0,523,2
930,2.0,1.0,523,0
1530,2.0,1.0,524,0
1199,1.0,1.0,524,0
1121,2.0,1.0,524,0
2195,2.0,1.0,525,0
1705,1.0,1.0,525,0
1705,1.0,1.0,525,0
1650,1.0,1.0,525,0
1585,0.0,1.0,525,0
1500,1.0,1.0,525,0
1455,1.0,1.0,525,0
1370,1.0,1.0,525,0
1370,1.0,1.0,525,0
1325,1.0,1.0,525,0
1250,1.0,1.0,525,0
1200,1.0,1.0,525,0
1175,1.0,1.0,525,0
1150,0.0,1.0,525,0
1125,1.0,1.0,525,0
1100,1.0,1.0,525,0
1066,1.0,1.0,525,0
1059,1.0,1.0,525,0
1000,3.0,1.0,525,0
950,3.0,1.0,525,0
915,1.0,1.0,525,0
905,1.0,1.0,525,0
900,1.0,1.0,525,0
899,1.0,1.0,525,0
850,1.0,1.0,525,0
840,1.0,1.0,525,0
830,1.0,1.0,525,0
815,1.0,1.0,525,0
750,1.0,1.0,525,0
745,1.0,1.0,525,0
741,1.0,1.0,525,0
700,1.0,1.0,525,0
695,1.0,1.0,525,0
515,1.0,1.0,525,0
2130,0.0,1.0,526,0
2117,1.0,1.0,526,0
1400,2.0,1.0,526,0
1084,1.0,1.0,526,0
915,1.0,1.0,526,0
1560,1.0,1.0,527,0
1085,3.0,1.0,527,0
1030,1.0,1.0,527,0
980,1.0,1.0,527,0
680,1.0,1.0,527,0
590,1.0,1.0,527,0
559,1.0,1.0,527,0
1055,1.0,1.0,528,0
990,1.0,1.0,528,0
975,1.0,1.0,528,0
965,1.0,1.0,528,0
895,3.0,1.0,528,0
715,1.0,1.0,528,0
698,1.0,1.0,528,0
3900,1.0,1.0,529,0
1616,2.0,1.0,529,0
1405,1.0,1.0,529,0
1399,2.0,1.0,529,0
1125,1.0,1.0,529,0
1125,1.0,1.0,529,0
995,0.0,1.0,529,0
2050,1.0,1.0,530,0
1850,1.0,1.0,530,0
1750,1.0,1.0,530,0
1489,0.0,1.0,530,0
1425,2.0,1.0,530,0
1375,1.0,1.0,530,0
1368,1.0,1.0,530,0
1355,1.0,1.0,530,0
1350,2.0,1.0,530,0
1343,1.0,1.0,530,0
1245,2.0,1.0,530,0
1195,2.0,1.0,530,0
1149,1.0,1.0,530,0
1105,1.0,1.0,530,0
945,1.0,1.0,530,0
838,1.0,1.0,530,0
640,1.0,1.0,530,0
1258,2.0,1.0,531,0
800,3.0,1.0,531,0
775,1.0,1.0,531,0
2220,2.0,1.0,532,0
1840,2.0,1.0,532,0
1095,3.0,1.0,532,0
962,1.0,1.0,532,0
575,1.0,1.0,532,0
2667,2.0,1.0,533,0
2100,2.0,1.0,533,0
1295,1.0,1.0,533,0
1130,2.0,1.0,533,0
1035,2.0,1.0,533,0
859,1.0,1.0,533,0
1537,1.0,1.0,534,0
1416,1.0,1.0,534,0
1252,2.0,1.0,534,0
920,1.0,1.0,534,0
815,1.0,1.0,534,0
2775,1.0,1.0,535,0
2150,2.0,1.0,535,0
1269,2.0,1.0,535,0
1233,2.0,1.0,535,0
1119,1.0,1.0,535,0
969,2.0,1.0,535,0
785,3.0,1.0,535,0
750,1.0,1.0,535,0
750,1.0,1.0,535,0
660,1.0,1.0,535,0
594,1.0,1.0,535,0
2435,2.0,1.0,536,0
1405,3.0,1.0,536,0
1295,1.0,1.0,536,0
1290,2.0,1.0,536,0
1275,1.0,1.0,536,0
1255,2.0,1.0,536,0
930,2.0,1.0,536,0
785,1.0,1.0,536,0
400,1.0,1.0,536,0
1940,1.0,1.0,537,0
1450,1.0,1.0,537,0
1395,1.0,1.0,537,0
1340,2.0,1.0,537,0
1195,1.0,1.0,537,0
999,1.0,1.0,537,0
840,1.0,1.0,537,0
3800,1.0,1.0,538,0
1500,1.0,1.0,538,0
1250,1.0,1.0,538,0
989,3.0,1.0,538,0
910,2.0,1.0,538,0
624,1.0,1.0,538,0
819,1.0,1.0,539,0
535,1.0,1.0,539,0
1795,1.0,1.0,540,0
1615,1.0,1.0,540,0
1600,1.0,1.0,540,0
1499,2.0,1.0,540,0
1450,2.0,1.0,540,0
1400,1.0,1.0,540,0
1400,1.0,1.0,540,0
1399,1.0,1.0,540,0
1250,2.0,1.0,540,0
1200,1.0,1.0,540,0
1161,2.0,1.0,540,0
1111,2.0,1.0,540,0
1099,1.0,1.0,540,0
960,1.0,1.0,540,0
920,1.0,1.0,540,0
840,1.0,1.0,540,0
835,2.0,1.0,540,0
805,1.0,1.0,540,0
770,1.0,1.0,540,0
720,1.0,1.0,540,0
710,1.0,1.0,540,0
650,1.0,1.0,540,0
620,1.0,1.0,540,0
609,1.0,1.0,540,0
599,1.0,1.0,540,0
599,1.0,1.0,540,0
3395,1.0,1.0,541,0
1276,2.0,1.0,541,0
725,1.0,1.0,541,0
2195,1.0,1.0,542,0
1028,1.0,1.0,542,0
883,1.0,1.0,542,0
825,2.0,1.0,542,0
772,1.0,1.0,542,0
550,1.0,1.0,542,0
2184,2.0,1.0,543,0
922,1.0,1.0,543,0
745,1.0,1.0,543,0
1265,1.0,1.0,544,0
940,1.0,1.0,544,0
899,1.0,1.0,544,0
754,1.0,1.0,544,0
665,1.0,1.0,544,0
1965,1.0,1.0,545,0
1576,2.0,1.0,545,0
1505,1.0,1.0,545,0
1475,1.0,1.0,545,0
1310,3.0,1.0,545,0
1050,3.0,1.0,545,0
1025,1.0,1.0,545,0
835,1.0,1.0,545,0
2680,2.0,1.0,546,0
2265,2.0,1.0,546,0
1565,1.0,1.0,546,0
1495,2.0,1.0,546,0
1490,2.0,1.0,546,0
1316,2.0,1.0,546,0
1261,2.0,1.0,546,0
1250,2.0,1.0,546,0
1120,2.0,1.0,546,0
895,1.0,1.0,546,0
625,1.0,1.0,546,0
495,1.0,1.0,546,0
1216,1.0,1.0,547,0
1185,2.0,1.0,547,0
1000,1.0,1.0,547,0
999,1.0,1.0,547,0
915,1.0,1.0,547,0
850,1.0,1.0,547,0
1595,2.0,1.0,548,0
1309,0.0,1.0,548,0
1230,3.0,1.0,548,0
1189,0.0,1.0,548,0
1065,1.0,1.0,548,0
935,1.0,1.0,548,0
4200,1.0,1.0,549,0
2659,2.0,1.0,549,0
1617,1.0,1.0,549,0
903,1.0,1.0,549,0
840,2.0,1.0,549,0
828,1.0,1.0,549,0
2175,1.0,1.0,550,0
2075,1.0,1.0,550,0
1899,1.0,1.0,550,0
1895,1.0,1.0,550,0
1820,0.0,1.0,550,0
1700,1.0,1.0,550,0
1649,0.0,1.0,550,0
1599,1.0,1.0,550,0
1500,1.0,1.0,550,0
1485,1.0,1.0,550,0
1420,2.0,1.0,550,0
1400,2.0,1.0,550,0
1385,1.0,1.0,550,0
1385,1.0,1.0,550,0
1332,0.0,1.0,550,0
1320,1.0,1.0,550,0
1200,2.0,1.0,550,0
1195,1.0,1.0,550,0
1165,1.0,1.0,550,0
1100,1.0,1.0,550,0
1100,1.0,1.0,550,0
1055,1.0,1.0,550,0
1020,2.0,1.0,550,0
995,1.0,1.0,550,0
995,1.0,1.0,550,0
985,1.0,1.0,550,0
979,1.0,1.0,550,0
975,1.0,1.0,550,0
955,1.0,1.0,550,0
950,1.0,1.0,550,0
945,1.0,1.0,550,0
925,1.0,1.0,550,0
916,1.0,1.0,550,0
910,1.0,1.0,550,0
899,1.0,1.0,550,0
890,1.0,1.0,550,0
889,0.0,1.0,550,0
865,1.0,1.0,550,0
850,1.0,1.0,550,0
845,1.0,1.0,550,0
837,1.0,1.0,550,0
835,1.0,1.0,550,0
834,1.0,1.0,550,0
830,1.0,1.0,550,0
829,1.0,1.0,550,0
825,1.0,1.0,550,0
825,1.0,1.0,550,0
800,1.0,1.0,550,0
795,2.0,1.0,550,0
784,1.0,1.0,550,0
779,1.0,1.0,550,0
775,1.0,1.0,550,0
750,2.0,1.0,550,0
720,1.0,1.0,550,0
695,1.0,1.0,550,0
665,1.0,1.0,550,0
650,0.0,1.0,550,0
635,1.0,1.0,550,0
635,1.0,1.0,550,0
630,2.0,1.0,550,0
625,1.0,1.0,550,0
610,2.0,1.0,550,0
600,2.0,1.0,550,0
600,1.0,1.0,550,0
584,1.0,1.0,550,0
580,1.0,1.0,550,0
550,1.0,1.0,550,0
545,2.0,1.0,550,0
545,1.0,1.0,550,0
525,1.0,1.0,550,0
525,1.0,1.0,550,0
515,1.0,1.0,550,0
510,1.0,1.0,550,0
500,1.0,1.0,550,0
480,1.0,1.0,550,0
1855,2.0,1.0,551,0
1250,1.0,1.0,551,0
980,3.0,1.0,551,0
900,2.0,1.0,551,0
3495,1.0,1.0,552,0
1665,2.0,1.0,552,0
1595,1.0,1.0,552,0
1250,2.0,1.0,552,0
1195,2.0,1.0,552,0
1030,1.0,1.0,552,0
995,1.0,1.0,553,0
970,1.0,1.0,553,0
1392,2.0,1.0,554,0
1050,3.0,1.0,554,0
860,1.0,1.0,554,0
750,1.0,1.0,554,0
1350,1.0,1.0,555,0
840,1.0,1.0,555,0
780,1.0,1.0,555,0
2600,1.0,1.0,556,0
1250,1.0,1.0,556,0
1107,1.0,1.0,556,0
910,1.0,1.0,556,0
1747,3.0,1.0,557,0
1350,1.0,1.0,557,0
845,1.0,1.0,557,0
2180,2.0,1.0,558,0
1125,1.0,1.0,558,0
1047,1.0,1.0,558,0
960,1.0,1.0,558,0
840,1.0,1.0,558,0
764,3.0,1.0,558,0
730,1.0,1.0,558,0
2388,2.0,1.0,559,0
1650,1.0,1.0,559,0
1450,1.0,1.0,559,0
1290,1.0,1.0,559,0
1290,1.0,1.0,559,0
1216,3.0,1.0,559,0
1199,1.0,1.0,559,0
3500,1.0,1.0,560,0
2045,1.0,1.0,560,0
1565,1.0,1.0,560,0
1387,2.0,1.0,560,0
1233,2.0,1.0,560,0
1160,1.0,1.0,560,0
1150,1.0,1.0,560,0
1009,1.0,1.0,560,0
1000,1.0,1.0,560,0
975,1.0,1.0,560,0
947,1.0,1.0,560,0
935,1.0,1.0,560,0
925,1.0,1.0,560,0
900,1.0,1.0,560,0
894,1.0,1.0,560,0
808,1.0,1.0,560,0
800,1.0,1.0,560,0
695,1.0,1.0,560,0
662,1.0,1.0,560,0
650,1.0,1.0,560,0
650,1.0,1.0,560,0
644,1.0,1.0,560,0
625,2.0,1.0,560,0
615,1.0,1.0,560,0
450,1.0,1.0,560,0
3495,1.0,1.0,561,0
1889,3.0,1.0,561,0
1610,1.0,1.0,561,0
1300,1.0,1.0,561,0
1183,1.0,1.0,561,0
999,1.0,1.0,561,0
990,1.0,1.0,561,0
974,1.0,1.0,561,0
959,1.0,1.0,561,0
898,2.0,1.0,561,0
715,1.0,1.0,561,0
1670,3.0,1.0,562,0
1523,1.0,1.0,562,0
1285,2.0,1.0,562,0
1170,1.0,1.0,562,0
1115,1.0,1.0,562,0
1089,1.0,1.0,562,0
904,1.0,1.0,562,0
901,1.0,1.0,562,0
880,1.0,1.0,562,0
695,1.0,1.0,562,0
685,1.0,1.0,562,0
1409,2.0,1.0,563,0
820,1.0,1.0,563,0
777,2.0,1.0,563,0
745,1.0,1.0,563,0
615,1.0,1.0,563,0
1475,2.0,1.0,564,0
1305,1.0,1.0,564,0
1150,1.0,1.0,564,0
975,3.0,1.0,564,0
530,3.0,1.0,564,0
2075,1.0,1.0,565,0
1840,1.0,1.0,565,0
1310,2.0,1.0,565,0
1100,1.0,1.0,565,0
1064,2.0,1.0,565,0
980,1.0,1.0,565,0
865,1.0,1.0,565,0
849,1.0,1.0,565,0
765,1.0,1.0,565,0
670,3.0,1.0,565,0
655,2.0,1.0,565,0
600,1.0,1.0,565,0
3495,1.0,1.0,566,0
2097,2.0,1.0,566,0
1595,2.0,1.0,566,0
1245,1.0,1.0,566,0
1025,1.0,1.0,566,0
850,1.0,1.0,566,0
755,1.0,1.0,566,0
685,1.0,1.0,566,0
1000,2.0,1.0,567,0
704,1.0,1.0,567,0
1953,2.0,1.0,568,0
1635,1.0,1.0,568,0
1400,1.0,1.0,568,0
800,1.0,1.0,568,0
750,1.0,1.0,568,0
1512,2.0,1.0,569,0
1415,1.0,1.0,569,0
1225,1.0,1.0,569,0
1165,1.0,1.0,569,0
1100,1.0,1.0,569,0
932,2.0,1.0,569,0
717,1.0,1.0,569,0
610,1.0,1.0,569,0
3995,1.0,1.0,570,0
2695,2.0,1.0,570,0
2230,3.0,1.0,570,0
2099,3.0,1.0,570,0
1996,3.0,1.0,570,0
1475,1.0,1.0,570,0
1249,1.0,1.0,570,0
1249,3.0,1.0,570,0
1110,1.0,1.0,570,0
1020,1.0,1.0,570,0
999,1.0,1.0,570,0
905,1.0,1.0,570,0
877,1.0,1.0,570,0
809,1.0,1.0,570,0
750,1.0,1.0,570,0
710,1.0,1.0,570,0
705,1.0,1.0,570,0
702,1.0,1.0,570,0
670,1.0,1.0,570,0
649,1.0,1.0,570,0
626,1.0,1.0,570,0
510,1.0,1.0,570,0
450,1.0,1.0,570,0
1903,1.0,1.0,571,0
1065,1.0,1.0,571,0
1060,1.0,1.0,571,0
899,1.0,1.0,571,0
821,1.0,1.0,571,0
776,1.0,1.0,571,0
1400,2.0,1.0,572,0
1385,2.0,1.0,572,0
1328,1.0,1.0,572,0
980,1.0,1.0,572,0
670,1.0,1.0,572,0
395,1.0,1.0,572,0
2320,3.0,1.0,573,0
2120,2.0,1.0,573,0
974,1.0,1.0,573,0
840,2.0,1.0,573,0
795,1.0,1.0,573,0
546,1.0,1.0,573,0
1300,2.0,1.0,574,0
1220,2.0,1.0,574,0
825,1.0,1.0,574,0
803,1.0,1.0,574,0
3699,1.0,1.0,575,0
2695,2.0,1.0,575,0
1725,1.0,1.0,575,0
1650,1.0,1.0,575,0
1534,2.0,1.0,575,0
1022,1.0,1.0,575,0
965,1.0,1.0,575,0
925,1.0,1.0,575,0
920,1.0,1.0,575,0
899,1.0,1.0,575,0
899,1.0,1.0,575,0
875,1.0,1.0,575,0
775,3.0,1.0,575,0
750,1.0,1.0,575,0
739,1.0,1.0,575,0
684,1.0,1.0,575,0
635,1.0,1.0,575,0
620,1.0,1.0,575,0
505,1.0,1.0,575,0
2495,1.0,1.0,576,0
1265,1.0,1.0,576,0
1106,1.0,1.0,576,0
1040,1.0,1.0,576,0
975,1.0,1.0,576,0
850,1.0,1.0,576,0
825,1.0,1.0,576,0
819,1.0,1.0,576,0
798,1.0,1.0,576,0
750,1.0,1.0,576,0
730,1.0,1.0,576,0
725,2.0,1.0,576,0
640,1.0,1.0,576,0
630,1.0,1.0,576,0
3795,1.0,1.0,577,0
2110,2.0,1.0,577,0
1175,1.0,1.0,577,0
1120,1.0,1.0,577,0
749,1.0,1.0,577,0
660,1.0,1.0,577,0
1250,1.0,1.0,578,0
825,1.0,1.0,578,0
745,1.0,1.0,578,0
625,1.0,1.0,578,0
1785,2.0,1.0,579,0
1670,1.0,1.0,579,0
1325,1.0,1.0,579,0
1220,1.0,1.0,579,0
1100,1.0,1.0,579,0
1050,2.0,1.0,579,0
1015,1.0,1.0,579,0
930,1.0,1.0,579,0
863,1.0,1.0,579,0
450,1.0,1.0,579,0
2150,2.0,1.0,580,0
2050,1.0,1.0,580,0
2036,2.0,1.0,580,0
1530,1.0,1.0,580,0
1450,1.0,1.0,580,0
1326,1.0,1.0,580,0
1270,1.0,1.0,580,0
1267,1.0,1.0,580,0
1259,1.0,1.0,580,0
1150,1.0,1.0,580,0
1125,2.0,1.0,580,0
1030,1.0,1.0,580,0
950,1.0,1.0,580,0
915,1.0,1.0,580,0
875,1.0,1.0,580,0
849,1.0,1.0,580,0
825,1.0,1.0,580,0
750,0.0,1.0,580,0
675,1.0,1.0,580,0
635,1.0,1.0,580,0
1845,1.0,1.0,581,0
1499,2.0,1.0,581,0
1150,1.0,1.0,581,0
1145,1.0,1.0,581,0
1145,1.0,1.0,581,0
1073,1.0,1.0,581,0
975,1.0,1.0,581,0
900,1.0,1.0,581,0
799,1.0,1.0,581,0
1695,2.0,1.0,582,0
1570,2.0,1.0,582,0
1355,2.0,1.0,582,0
1126,1.0,1.0,582,0
725,1.0,1.0,582,0
2085,2.0,1.0,583,0
1650,1.0,1.0,583,0
1189,1.0,1.0,583,0
1150,1.0,1.0,583,0
1093,1.0,1.0,583,0
900,1.0,1.0,583,0
875,1.0,1.0,583,0
1032,1.0,1.0,584,0
2349,1.0,1.0,585,0
2000,1.0,1.0,585,0
1620,0.0,1.0,585,0
1495,1.0,1.0,585,0
1380,3.0,1.0,585,0
1317,2.0,1.0,585,0
1300,1.0,1.0,585,0
1089,1.0,1.0,585,0
1080,1.0,1.0,585,0
1050,1.0,1.0,585,0
985,2.0,1.0,585,0
755,2.0,1.0,585,0
700,1.0,1.0,585,0
675,1.0,1.0,585,0
660,1.0,1.0,585,0
575,1.0,1.0,585,0
545,1.0,1.0,585,0
1510,1.0,1.0,586,0
1495,1.0,1.0,586,0
1419,1.0,1.0,586,0
1215,1.0,1.0,586,0
1184,1.0,1.0,586,0
1126,3.0,1.0,586,0
1027,1.0,1.0,586,0
830,1.0,1.0,586,0
1246,2.0,1.0,587,0
1170,1.0,1.0,587,0
849,1.0,1.0,587,0
815,1.0,1.0,587,0
529,1.0,1.0,587,0
224,1.0,1.0,587,0
1750,1.0,1.0,588,0
1515,1.0,1.0,588,0
1135,1.0,1.0,588,0
1075,1.0,1.0,588,0
800,1.0,1.0,588,0
1775,1.0,1.0,589,0
1256,2.0,1.0,589,0
1220,1.0,1.0,589,0
1199,1.0,1.0,589,0
779,1.0,1.0,589,0
1250,1.0,1.0,590,0
1191,1.0,1.0,590,0
1130,1.0,1.0,590,0
998,1.0,1.0,590,0
976,1.0,1.0,590,0
825,1.0,1.0,590,0
665,3.0,1.0,590,0
1409,1.0,1.0,591,0
1360,1.0,1.0,591,0
1230,2.0,1.0,591,0
1080,1.0,1.0,591,0
1668,1.0,1.0,592,0
1230,1.0,1.0,592,0
1226,1.0,1.0,592,0
1140,1.0,1.0,592,0
1110,1.0,1.0,592,0
1036,1.0,1.0,592,0
815,1.0,1.0,592,0
745,3.0,1.0,592,0
1599,0.0,1.0,593,0
1192,1.0,1.0,593,0
1180,1.0,1.0,593,0
1095,1.0,1.0,593,0
1095,2.0,1.0,593,0
960,1.0,1.0,593,0
932,1.0,1.0,593,0
870,1.0,1.0,593,0
599,1.0,1.0,593,0
1146,1.0,1.0,594,0
1100,1.0,1.0,594,0
1091,1.0,1.0,594,0
1082,1.0,1.0,594,0
1009,1.0,1.0,594,0
791,3.0,1.0,594,0
750,1.0,1.0,594,0
735,1.0,1.0,594,0
665,1.0,1.0,594,0
1561,1.0,1.0,595,0
1559,3.0,1.0,595,0
1300,1.0,1.0,595,0
1175,2.0,1.0,595,0
1138,1.0,1.0,595,0
850,1.0,1.0,595,0
810,2.0,1.0,595,0
425,1.0,1.0,595,0
1207,2.0,1.0,596,0
1141,1.0,1.0,596,0
800,1.0,1.0,596,0
1260,1.0,1.0,597,0
1210,3.0,1.0,597,0
922,1.0,1.0,597,0
915,1.0,1.0,597,0
860,3.0,1.0,597,0
849,1.0,1.0,597,0
788,1.0,1.0,597,0
750,1.0,1.0,597,0
3599,1.0,1.0,598,0
1431,1.0,1.0,598,0
1268,1.0,1.0,598,0
1011,1.0,1.0,598,0
780,1.0,1.0,598,0
619,1.0,1.0,598,0
1270,3.0,1.0,599,0
1260,3.0,1.0,599,0
734,1.0,1.0,599,0
3900,1.0,1.0,600,0
3695,1.0,1.0,600,0
2995,1.0,1.0,600,0
2800,1.0,1.0,600,0
2800,1.0,1.0,600,0
2640,1.0,1.0,600,0
2366,1.0,1.0,600,0
2295,1.0,1.0,600,0
2250,1.0,1.0,600,0
2210,2.0,1.0,600,0
2145,1.0,1.0,600,0
2095,1.0,1.0,600,0
2050,1.0,1.0,600,0
1865,2.0,1.0,600,0
1865,1.0,1.0,600,0
1750,1.0,1.0,600,0
1742,1.0,1.0,600,0
1700,2.0,1.0,600,0
1700,0.0,1.0,600,0
1695,1.0,1.0,600,0
1650,1.0,1.0,600,0
1645,1.0,1.0,600,0
1595,1.0,1.0,600,0
1585,0.0,1.0,600,0
1550,2.0,1.0,600,0
1550,2.0,1.0,600,0
1460,1.0,1.0,600,0
1460,1.0,1.0,600,0
1450,1.0,1.0,600,0
1425,1.0,1.0,600,0
1400,1.0,1.0,600,0
1400,2.0,1.0,600,0
1399,2.0,1.0,600,0
1385,1.0,1.0,600,0
1360,1.0,1.0,600,0
1355,2.0,1.0,600,0
1350,1.0,1.0,600,0
1350,1.0,1.5,600,0
1350,1.0,1.0,600,0
1345,0.0,1.0,600,0
1335,1.0,1.0,600,0
1333,1.0,1.0,600,0
1295,1.0,1.0,600,0
1260,1.0,1.0,600,0
1260,1.0,1.0,600,0
1250,3.0,1.0,600,0
1250,1.0,1.0,600,0
1200,1.0,1.0,600,0
1171,1.0,1.0,600,0
1170,1.0,1.0,600,0
1150,1.0,1.0,600,0
1148,1.0,1.0,600,0
1125,1.0,1.0,600,0
1125,1.0,1.0,600,0
1125,1.0,1.0,600,0
1095,1.0,1.0,600,0
1095,1.0,1.0,600,0
1095,1.0,1.0,600,0
1095,1.0,1.0,600,0
1075,1.0,1.0,600,0
1075,1.0,1.0,600,0
1055,1.0,1.0,600,0
1050,1.0,1.0,600,0
1050,1.0,1.0,600,0
1040,1.0,1.0,600,0
1040,1.0,1.0,600,0
1032,1.0,1.0,600,0
1025,1.0,1.0,600,0
1009,1.0,1.0,600,0
1000,1.0,1.0,600,0
1000,1.0,1.0,600,0
995,1.0,1.0,600,0
995,1.0,1.0,600,0
995,2.0,1.0,600,0
995,1.0,1.0,600,0
980,2.0,1.0,600,0
963,1.0,1.0,600,0
950,2.0,1.0,600,0
949,2.0,1.0,600,0
925,1.0,1.0,600,0
905,1.0,1.0,600,0
899,1.0,1.0,600,0
895,1.0,1.0,600,0
895,1.0,1.0,600,0
880,2.0,1.0,600,0
870,1.0,1.0,600,0
850,1.0,1.0,600,0
850,1.0,1.0,600,0
849,1.0,1.0,600,0
840,1.0,1.0,600,0
835,1.0,1.0,600,0
830,1.0,1.0,600,0
830,1.0,1.0,600,0
825,1.0,1.0,600,0
825,1.0,1.0,600,0
825,1.0,1.0,600,0
815,1.0,1.0,600,0
814,1.0,1.0,600,0
810,1.0,1.0,600,0
809,1.0,1.0,600,0
800,1.0,1.0,600,0
795,2.0,1.0,600,0
789,2.0,1.0,600,0
780,1.0,1.0,600,0
775,1.0,1.0,600,0
765,1.0,1.0,600,0
755,1.0,1.0,600,0
750,1.0,1.0,600,0
750,2.0,1.0,600,0
750,1.0,1.0,600,0
740,1.0,1.0,600,0
740,1.0,1.0,600,0
740,1.0,1.0,600,0
735,1.0,1.0,600,0
735,1.0,1.0,600,0
725,1.0,1.0,600,0
725,1.0,1.0,600,0
720,1.0,1.0,600,0
712,2.0,1.0,600,0
710,1.0,1.0,600,0
704,1.0,1.0,600,0
700,1.0,1.0,600,0
700,1.0,1.0,600,0
700,2.0,1.0,600,0
700,0.0,1.0,600,0
699,1.0,1.0,600,0
699,1.0,1.0,600,0
695,1.0,1.0,600,0
695,1.0,1.0,600,0
690,1.0,1.0,600,0
675,1.0,1.0,600,0
645,1.0,1.0,600,0
645,1.0,1.0,600,0
639,3.0,1.0,600,0
635,1.0,1.0,600,0
615,1.0,1.0,600,0
605,1.0,1.0,600,0
599,2.0,1.0,600,0
599,2.0,1.0,600,0
599,2.0,1.0,600,0
589,1.0,1.0,600,0
580,1.0,1.0,600,0
575,1.0,1.0,600,0
550,1.0,1.0,600,0
550,1.0,1.0,600,0
539,1.0,1.0,600,0
509,1.0,1.0,600,0
500,1.0,1.0,600,0
500,1.0,1.0,600,0
495,1.0,1.0,600,0
495,2.0,1.0,600,0
450,1.0,1.0,600,0
1474,2.0,1.0,601,0
1285,1.0,1.0,601,0
1250,1.0,1.0,601,0
860,1.0,1.0,601,0
2835,1.0,1.0,602,0
1305,1.0,1.0,602,0
1110,1.0,1.0,602,0
905,1.0,1.0,602,0
780,1.0,1.0,602,0
605,2.0,1.0,602,0
2250,2.0,1.0,603,0
2000,1.0,1.0,603,0
1450,1.0,1.0,603,0
1299,1.0,1.0,603,0
1200,1.0,1.0,603,0
1150,1.0,1.0,603,0
1130,1.0,1.0,603,0
1085,1.0,1.0,603,0
1075,2.0,1.0,603,0
915,1.0,1.0,603,0
860,1.0,1.0,603,0
750,1.0,1.0,603,0
2000,1.0,1.0,604,0
1720,2.0,1.0,604,0
1409,1.0,1.0,604,0
1005,3.0,1.0,604,0
950,1.0,1.0,604,0
890,1.0,1.0,604,0
1449,1.0,1.0,605,0
1395,1.0,1.5,605,0
1094,1.0,1.0,605,0
1050,1.0,1.0,605,0
965,1.0,1.0,605,0
675,1.0,1.0,605,0
557,4.0,1.0,605,2
1730,1.0,1.0,606,0
1530,3.0,1.0,606,0
1530,0.0,1.0,606,0
1295,1.0,1.0,606,0
895,1.0,1.0,606,0
1300,1.0,1.0,607,0
1149,1.0,1.0,607,0
959,1.0,1.0,607,0
675,1.0,1.0,607,0
1176,1.0,1.0,608,0
975,1.0,1.0,608,0
877,1.0,1.0,608,0
800,1.0,1.0,608,0
775,1.0,1.0,608,0
575,1.0,1.0,608,0
4195,1.0,1.0,609,0
1860,1.0,1.0,609,0
1500,1.0,1.0,609,0
1355,1.0,1.0,609,0
1135,2.0,1.0,609,0
1045,2.0,1.0,609,0
970,1.0,1.0,609,0
2000,1.0,1.0,610,0
1870,1.0,1.0,610,0
1808,2.0,1.0,610,0
1745,1.0,1.0,610,0
1150,1.0,1.0,610,0
1000,1.0,1.0,610,0
975,1.0,1.0,610,0
966,1.0,1.0,610,0
930,1.0,1.0,610,0
805,1.0,1.0,610,0
745,1.0,1.0,610,0
685,1.0,1.0,610,0
665,1.0,1.0,610,0
650,1.0,1.0,610,0
550,1.0,1.0,610,0
2700,1.0,1.0,611,0
2060,1.0,1.0,611,0
1299,2.0,1.0,611,0
1089,2.0,1.0,611,0
1049,1.0,1.0,611,0
880,3.0,1.0,611,0
878,1.0,1.0,611,0
825,3.0,1.0,611,0
790,1.0,1.0,611,0
551,1.0,1.0,611,0
1735,2.0,1.0,612,0
1726,3.0,1.0,612,0
1686,1.0,1.0,612,0
1369,1.0,1.0,612,0
1235,1.0,1.0,612,0
1097,1.0,1.0,612,0
1070,2.0,1.0,612,0
1039,1.0,1.0,612,0
980,1.0,1.0,612,0
649,1.0,1.0,612,0
520,1.0,1.0,612,0
3395,1.0,1.0,613,0
2187,1.0,1.0,613,0
2100,1.0,1.0,613,0
2096,2.0,1.0,613,0
1924,3.0,1.0,613,0
1700,1.0,1.0,613,0
1499,1.0,1.0,613,0
1200,1.0,1.0,613,0
1200,2.0,1.0,613,0
965,1.0,1.0,613,0
895,1.0,1.0,613,0
853,1.0,1.0,613,0
853,1.0,1.0,613,0
3486,1.0,1.0,614,0
2287,1.0,1.0,614,0
1965,1.0,1.0,614,0
1940,1.0,1.0,614,0
1815,1.0,1.0,614,0
1295,1.0,1.0,614,0
1065,1.0,1.0,614,0
899,4.0,1.0,614,2
590,1.0,1.0,614,0
1649,1.0,1.0,615,0
1350,1.0,1.0,615,0
1295,1.0,1.0,615,0
1236,3.0,1.0,615,0
990,1.0,1.0,615,0
975,1.0,1.0,615,0
950,1.0,1.0,615,0
695,1.0,1.0,615,0
595,1.0,1.0,615,0
575,1.0,1.0,615,0
535,1.0,1.0,615,0
1451,1.0,1.0,616,0
1235,1.0,1.0,616,0
1225,1.0,1.0,616,0
1219,3.0,1.0,616,0
1110,1.0,1.0,616,0
1025,1.0,1.0,616,0
778,1.0,1.0,616,0
1935,1.0,1.0,617,0
1365,1.0,1.0,617,0
1239,1.0,1.0,617,0
635,1.0,1.0,617,0
1325,1.0,1.0,618,0
1109,1.0,1.0,618,0
970,1.0,1.0,618,0
830,1.0,1.0,618,0
635,1.0,1.0,618,0
595,1.0,1.0,618,0
1680,3.0,1.0,619,0
1345,1.0,1.0,619,0
1040,4.0,1.0,619,2
1000,1.0,1.0,619,0
820,1.0,1.0,619,0
810,1.0,1.0,619,0
680,1.0,1.0,619,0
1995,1.0,1.0,620,0
1850,1.0,1.0,620,0
1650,1.0,1.0,620,0
1595,1.0,1.0,620,0
1495,1.0,1.0,620,0
1360,1.0,1.0,620,0
1289,1.0,1.0,620,0
1275,1.0,1.0,620,0
1269,1.0,1.0,620,0
1225,1.0,1.0,620,0
1212,1.0,1.0,620,0
1195,1.0,1.0,620,0
1145,1.0,1.0,620,0
1105,1.0,1.0,620,0
1085,1.0,1.0,620,0
1055,1.0,1.0,620,0
925,1.0,1.0,620,0
925,1.0,1.0,620,0
915,1.0,1.0,620,0
899,1.0,1.0,620,0
899,1.0,1.0,620,0
899,1.0,1.0,620,0
875,1.0,1.0,620,0
875,1.0,1.0,620,0
859,1.0,1.0,620,0
851,1.0,1.0,620,0
840,1.0,1.0,620,0
825,1.0,1.0,620,0
799,1.0,1.0,620,0
780,1.0,1.0,620,0
767,2.0,1.0,620,0
750,1.0,1.0,620,0
600,1.0,1.0,620,0
2150,1.0,1.0,621,0
1690,2.0,1.0,621,0
1050,3.0,1.0,621,0
900,1.0,1.0,621,0
900,1.0,1.0,621,0
825,1.0,1.0,621,0
824,1.0,1.0,621,0
2624,3.0,1.0,622,2
2145,2.0,1.0,622,0
2000,1.0,1.0,622,0
1460,1.0,1.0,622,0
1417,1.0,1.0,622,0
1235,1.0,1.0,622,0
1148,1.0,1.0,622,0
1115,1.0,1.0,622,0
884,1.0,1.0,622,0
802,1.0,1.0,622,0
759,1.0,1.0,622,0
739,1.0,1.0,622,0
680,1.0,1.0,622,0
1970,1.0,1.0,623,0
1335,1.0,1.0,623,0
1294,1.0,1.0,623,0
1275,1.0,1.0,623,0
1240,1.0,1.0,623,0
1235,1.0,1.0,623,0
1145,1.0,1.0,623,0
1139,3.0,1.0,623,0
914,1.0,1.0,623,0
810,3.0,1.0,623,0
605,1.0,1.0,623,0
2281,2.0,1.0,624,0
1360,1.0,1.0,624,0
1240,1.0,1.0,624,0
1239,1.0,1.0,624,0
1099,1.0,1.0,624,0
1040,2.0,1.0,624,0
1035,1.0,1.0,624,0
1029,1.0,1.0,624,0
1009,1.0,1.0,624,0
975,1.0,1.0,624,0
975,1.0,1.0,624,0
675,1.0,1.0,624,0
580,1.0,1.0,624,0
2195,1.0,1.0,625,0
1933,1.0,1.0,625,0
1675,1.0,1.0,625,0
1595,1.0,1.0,625,0
1550,1.0,1.0,625,0
1495,1.0,1.0,625,0
1450,1.0,1.0,625,0
1445,1.0,1.0,625,0
1430,1.0,1.0,625,0
1403,1.0,1.0,625,0
1375,1.0,1.0,625,0
1275,1.0,1.0,625,0
1185,1.0,1.0,625,0
1179,1.0,1.0,625,0
1154,1.0,1.0,625,0
1120,1.0,1.0,625,0
1100,2.0,1.0,625,0
1099,1.0,1.0,625,0
1075,1.0,1.0,625,0
1047,1.0,1.0,625,0
1039,1.0,1.0,625,0
1024,1.0,1.0,625,0
1009,1.0,1.0,625,0
1000,1.0,1.0,625,0
999,1.0,1.0,625,0
955,1.0,1.0,625,0
955,1.0,1.0,625,0
950,1.0,1.0,625,0
949,1.0,1.0,625,0
795,1.0,1.0,625,0
710,1.0,1.0,625,0
709,1.0,1.0,625,0
690,1.0,1.0,625,0
630,1.0,1.0,625,0
425,1.0,1.0,625,0
1592,1.0,1.0,626,0
1334,1.0,1.0,626,0
1145,1.0,1.0,626,0
930,1.0,1.0,626,0
1375,1.0,1.0,627,0
1245,2.0,1.0,627,0
1050,1.0,1.0,627,0
1001,1.0,1.0,627,0
941,1.0,1.0,627,0
916,1.0,1.0,627,0
799,1.0,1.0,627,0
499,1.0,1.0,627,0
1790,1.0,1.0,628,0
1568,0.0,1.0,628,0
1495,1.0,1.0,628,0
1376,1.0,1.0,628,0
1060,1.0,1.0,628,0
1031,1.0,1.0,628,0
1000,1.0,1.0,628,0
979,2.0,1.0,628,0
925,1.0,1.0,628,0
835,1.0,1.0,628,0
3851,1.0,1.0,629,0
2695,1.0,1.0,629,0
1595,1.0,1.0,629,0
1490,2.0,1.0,629,0
1260,1.0,1.0,629,0
1145,1.0,1.0,629,0
1030,1.0,1.0,629,0
1019,1.0,1.0,629,0
815,1.0,1.0,629,0
780,1.0,1.0,629,0
1650,1.0,1.0,630,0
1623,0.0,1.0,630,0
1607,2.0,1.0,630,0
1550,1.0,1.0,630,0
1510,1.0,1.0,630,0
1326,1.0,1.0,630,0
1308,1.0,1.0,630,0
1299,1.0,1.0,630,0
1263,1.0,1.0,630,0
1213,1.0,1.0,630,0
1200,1.0,1.0,630,0
1180,1.0,1.0,630,0
1160,1.0,1.0,630,0
1135,1.0,1.0,630,0
1121,1.0,1.0,630,0
1100,1.0,1.0,630,0
1065,1.0,1.0,630,0
1045,1.0,1.0,630,0
1039,1.0,1.0,630,0
1000,1.0,1.0,630,0
990,1.0,1.0,630,0
988,1.0,1.0,630,0
933,1.0,1.0,630,0
920,1.0,1.0,630,0
875,1.0,1.0,630,0
860,1.0,1.0,630,0
860,1.0,1.0,630,0
829,1.0,1.0,630,0
825,1.0,1.0,630,0
805,1.0,1.0,630,0
799,1.0,1.0,630,0
785,2.0,1.0,630,0
715,2.0,1.0,630,0
680,1.0,1.0,630,0
650,2.0,1.0,630,0
650,1.0,1.0,630,0
625,1.0,1.0,630,0
593,1.0,1.0,630,0
2460,1.0,1.0,631,0
2375,1.0,1.0,631,0
2325,1.0,1.0,631,0
1649,1.0,1.0,631,0
1365,2.0,1.0,631,0
1085,1.0,1.0,631,0
804,1.0,1.0,631,0
4295,2.0,1.0,632,0
2175,1.0,1.0,632,0
1795,1.0,1.0,632,0
1575,2.0,1.0,632,0
1553,2.0,1.0,632,0
1425,1.0,1.0,632,0
1270,1.0,1.0,632,0
995,1.0,1.0,632,0
3995,2.0,1.0,633,0
1380,1.0,1.0,633,0
1135,1.0,1.0,633,0
1018,2.0,1.0,633,0
885,0.0,1.0,633,0
2715,2.0,1.0,634,0
1796,1.0,1.0,634,0
1695,1.0,1.0,634,0
1475,1.0,1.0,634,0
1115,1.0,1.0,634,0
1110,2.0,1.0,634,0
1100,1.0,1.0,634,0
915,1.0,1.0,634,0
749,1.0,1.0,634,0
490,1.0,1.0,634,0
400,1.0,1.0,634,0
4700,2.0,1.0,635,0
1550,1.0,1.0,635,0
1299,1.0,1.0,635,0
1205,1.0,1.0,635,0
1195,1.0,1.0,635,0
1019,1.0,1.0,635,0
960,3.0,1.0,635,0
919,1.0,1.0,635,0
879,1.0,1.0,635,0
835,1.0,1.0,635,0
807,1.0,1.0,635,0
800,1.0,1.0,635,0
1499,1.0,1.0,636,0
1450,1.0,1.0,636,0
1299,1.0,1.0,636,0
885,1.0,1.0,636,0
865,1.0,1.0,636,0
1863,1.0,1.0,637,0
1490,1.0,1.0,637,0
1449,1.0,1.0,637,0
1407,1.0,1.0,637,0
775,1.0,1.0,637,0
625,1.0,1.0,637,0
1463,1.0,1.0,638,0
1130,1.0,1.0,638,0
1111,1.0,1.0,638,0
1040,1.0,1.0,638,0
920,1.0,1.0,638,0
919,1.0,1.0,638,0
700,1.0,1.0,638,0
1545,1.0,1.0,639,0
1140,1.0,1.0,639,0
1075,1.0,1.0,639,0
795,1.0,1.0,639,0
773,1.0,1.0,639,0
2150,1.0,1.0,640,0
1810,1.0,1.0,640,0
1724,1.0,1.0,640,0
1672,1.0,1.0,640,0
1455,1.0,1.0,640,0
1361,1.0,1.0,640,0
1312,1.0,1.0,640,0
1310,1.0,1.0,640,0
1295,1.0,1.0,640,0
1270,1.0,1.0,640,0
1250,1.0,1.0,640,0
1200,1.0,1.0,640,0
1075,1.0,1.0,640,0
1045,1.0,1.0,640,0
1035,1.0,1.0,640,0
1015,1.0,1.0,640,0
930,1.0,1.0,640,0
920,2.0,1.0,640,0
915,1.0,1.0,640,0
909,1.0,1.0,640,0
885,3.0,1.0,640,0
872,1.0,1.0,640,0
860,1.0,1.0,640,0
845,1.0,1.0,640,0
807,1.0,1.0,640,0
774,1.0,1.0,640,0
735,1.0,1.0,640,0
721,1.0,1.0,640,0
705,1.0,1.0,640,0
685,1.0,1.0,640,0
669,1.0,1.0,640,0
590,1.0,1.0,640,0
558,1.0,1.0,640,0
525,1.0,1.0,640,0
989,1.0,1.0,641,0
965,1.0,1.0,641,0
720,1.0,1.0,641,0
1922,1.0,1.0,642,0
1595,1.0,1.0,642,0
1430,1.0,1.0,642,0
1310,1.0,1.0,642,0
1199,1.0,1.0,642,0
1195,1.0,1.0,642,0
1125,1.0,1.0,642,0
1115,1.0,1.0,642,0
985,1.0,1.0,642,0
811,1.0,1.0,642,0
3450,3.0,1.0,643,2
1455,1.0,1.0,643,0
1395,1.0,1.0,643,0
1261,1.0,1.0,643,0
1114,1.0,1.0,643,0
965,1.0,1.0,643,0
899,1.0,1.0,643,0
830,1.0,1.0,643,0
570,1.0,1.0,643,0
560,1.0,1.0,643,0
1681,1.0,1.0,644,0
1669,1.0,1.0,644,0
1650,1.0,1.0,644,0
1369,1.0,1.0,644,0
1364,1.0,1.0,644,0
1360,1.0,1.0,644,0
1320,1.0,1.0,644,0
1289,1.0,1.0,644,0
1095,1.0,1.0,644,0
1059,1.0,1.0,644,0
1040,1.0,1.0,644,0
1000,1.0,1.0,644,0
910,1.0,1.0,644,0
350,2.0,1.0,644,0
1986,1.0,1.0,645,0
1002,1.0,1.0,645,0
975,1.0,1.0,645,0
935,1.0,1.0,645,0
885,1.0,1.0,645,0
880,1.0,1.0,645,0
675,2.0,1.0,645,0
625,1.0,1.0,645,0
610,1.0,1.0,645,0
560,1.0,1.0,645,0
1897,1.0,1.0,646,0
1445,0.0,1.0,646,0
1020,1.0,1.0,646,0
1012,1.0,1.0,646,0
710,1.0,1.0,646,0
3995,1.0,1.0,647,0
2085,2.0,1.0,647,0
1425,1.0,1.0,647,0
1425,1.0,1.0,647,0
1425,1.0,1.0,647,0
1080,1.0,1.0,647,0
905,1.0,1.0,647,0
890,1.0,1.0,647,0
870,1.0,1.0,647,0
850,1.0,1.0,647,0
825,1.0,1.0,647,0
736,1.0,1.0,647,0
3795,1.0,1.0,648,0
2800,2.0,1.0,648,0
1465,1.0,1.0,648,0
1411,2.0,1.5,648,0
1355,1.0,1.0,648,0
1290,1.0,1.0,648,0
1239,1.0,1.0,648,0
1200,1.0,1.0,648,0
1155,1.0,1.0,648,0
993,1.0,1.0,648,0
983,1.0,1.0,648,0
865,1.0,1.0,648,0
830,1.0,1.0,648,0
800,1.0,1.0,648,0
785,1.0,1.0,648,0
765,1.0,1.0,648,0
690,1.0,1.0,648,0
675,1.0,1.0,648,0
550,1.0,1.0,648,0
2440,1.0,1.0,649,0
1186,1.0,1.0,649,0
1153,1.0,1.0,649,0
1115,1.0,1.0,649,0
1115,1.0,1.0,649,0
1099,1.0,1.0,649,0
1075,1.0,1.0,649,0
975,1.0,1.0,649,0
928,1.0,1.0,649,0
799,1.0,1.0,649,0
2895,1.0,1.0,650,0
2795,1.0,1.0,650,0
2500,2.0,1.0,650,0
2395,1.0,1.0,650,0
2395,1.0,1.0,650,0
2195,1.0,1.0,650,0
2076,1.0,1.0,650,0
2000,2.0,1.0,650,0
1878,1.0,1.0,650,0
1800,1.0,1.0,650,0
1800,1.0,1.0,650,0
1800,1.0,1.0,650,0
1793,1.0,1.0,650,0
1786,1.0,1.0,650,0
1695,1.0,1.0,650,0
1685,1.0,1.0,650,0
1645,1.0,1.0,650,0
1635,1.0,1.0,650,0
1565,1.0,1.0,650,0
1549,1.0,1.0,650,0
1505,1.0,1.0,650,0
1500,2.0,1.0,650,0
1495,2.0,1.0,650,0
1485,1.0,1.0,650,0
1483,1.0,1.0,650,0
1475,1.0,1.0,650,0
1463,1.0,1.0,650,0
1456,0.0,1.0,650,0
1448,3.0,2.0,650,2
1429,1.0,1.0,650,0
1425,1.0,1.0,650,0
1421,1.0,1.0,650,0
1421,1.0,1.0,650,0
1421,1.0,1.0,650,0
1421,1.0,1.0,650,0
1391,1.0,1.0,650,0
1375,1.0,1.0,650,0
1325,1.0,1.0,650,0
1299,1.0,1.0,650,0
1250,1.0,1.0,650,0
1246,2.0,1.0,650,0
1229,1.0,1.0,650,0
1229,1.0,1.0,650,0
1195,1.0,1.0,650,0
1194,1.0,1.0,650,0
1185,1.0,1.0,650,0
1175,1.0,1.0,650,0
1169,1.0,1.0,650,0
1150,1.0,1.0,650,0
1150,1.0,1.0,650,0
1140,1.0,1.0,650,0
1138,1.0,1.0,650,0
1129,1.0,1.0,650,0
1100,4.0,1.0,650,2
1100,1.0,1.0,650,0
1100,1.0,1.0,650,0
1095,1.0,1.0,650,0
1091,1.0,1.0,650,0
1075,1.0,1.0,650,0
1064,1.0,1.0,650,0
1060,1.0,1.0,650,0
1055,2.0,1.0,650,0
1039,3.0,1.0,650,0
1035,1.0,1.0,650,0
1015,1.0,1.0,650,0
1009,1.0,1.0,650,0
999,1.0,1.0,650,0
995,1.0,1.0,650,0
995,1.0,1.0,650,0
990,1.0,1.0,650,0
985,1.0,1.0,650,0
980,1.0,1.0,650,0
975,1.0,1.0,650,0
975,1.0,1.0,650,0
975,1.0,1.0,650,0
975,1.0,1.0,650,0
970,1.0,1.0,650,0
960,1.0,1.0,650,0
950,2.0,1.0,650,0
950,1.0,1.0,650,0
950,1.0,1.0,650,0
925,1.0,1.0,650,0
925,1.0,1.0,650,0
920,1.0,1.0,650,0
906,1.0,1.0,650,0
905,1.0,1.0,650,0
900,1.0,1.0,650,0
900,1.0,1.0,650,0
899,1.0,1.0,650,0
895,1.0,1.0,650,0
890,2.0,1.0,650,0
890,1.0,1.0,650,0
880,1.0,1.0,650,0
870,1.0,1.0,650,0
850,1.0,1.0,650,0
850,1.0,1.0,650,0
850,1.0,1.0,650,0
850,1.0,1.0,650,0
850,1.0,1.0,650,0
849,1.0,1.0,650,0
835,1.0,1.0,650,0
835,0.0,1.0,650,0
830,1.0,1.0,650,0
825,1.0,1.0,650,0
820,1.0,1.0,650,0
800,1.0,1.0,650,0
795,2.0,1.0,650,0
795,1.0,1.0,650,0
795,1.0,1.0,650,0
785,1.0,1.0,650,0
705,1.0,1.0,650,0
690,1.0,1.0,650,0
675,1.0,1.0,650,0
675,1.0,1.0,650,0
675,1.0,1.0,650,0
650,1.0,1.0,650,0
650,1.0,1.0,650,0
645,1.0,1.0,650,0
640,1.0,1.0,650,0
635,1.0,1.0,650,0
630,1.0,1.0,650,0
627,1.0,1.0,650,0
625,1.0,1.0,650,0
625,1.0,1.0,650,0
620,1.0,1.0,650,0
620,1.0,1.0,650,0
615,1.0,1.0,650,0
585,1.0,1.0,650,0
579,1.0,1.0,650,0
550,1.0,1.0,650,0
535,1.0,1.0,650,0
1912,1.0,1.0,651,0
1795,1.0,1.0,651,0
1410,1.0,1.0,651,0
1295,1.0,1.0,651,0
1293,1.0,1.0,651,0
1125,1.0,1.0,651,0
1120,1.0,1.0,651,0
1043,1.0,1.0,651,0
1034,1.0,1.0,651,0
1033,1.0,1.0,651,0
790,1.0,1.0,651,0
787,1.0,1.0,651,0
714,1.0,1.0,651,0
709,2.0,1.0,651,0
2318,2.0,1.0,652,0
1780,1.0,1.0,652,0
1332,1.0,1.0,652,0
1245,1.0,1.0,652,0
1231,1.0,1.0,652,0
1212,1.0,1.0,652,0
1185,1.0,1.0,652,0
1103,1.0,1.0,652,0
983,1.0,1.0,652,0
975,1.0,1.0,652,0
878,1.0,1.0,652,0
809,1.0,1.0,652,0
809,1.0,1.0,652,0
774,1.0,1.0,652,0
679,1.0,1.0,652,0
660,1.0,1.0,652,0
630,1.0,1.0,652,0
590,1.0,1.0,652,0
1403,1.0,1.0,653,0
1240,1.0,1.0,653,0
1215,1.0,1.0,653,0
979,1.0,1.0,653,0
975,1.0,1.0,653,0
809,1.0,1.0,653,0
1665,1.0,1.0,654,0
1125,1.0,1.0,654,0
1050,2.0,1.0,654,0
1025,1.0,1.0,654,0
1025,1.0,1.0,654,0
1025,1.0,1.0,654,0
985,1.0,1.0,654,0
900,1.0,1.0,654,0
865,1.0,1.0,654,0
849,1.0,1.0,654,0
585,1.0,1.0,654,0
1700,1.0,1.0,655,0
1130,1.0,1.0,655,0
1089,1.0,1.0,655,0
1050,3.0,1.0,655,0
1000,0.0,1.0,655,0
955,1.0,1.0,655,0
875,1.0,1.0,655,0
700,2.0,1.0,655,0
625,1.0,1.0,655,0
1814,1.0,1.0,656,0
1120,1.0,1.0,656,0
884,1.0,1.0,656,0
815,1.0,1.0,656,0
646,1.0,1.0,656,0
425,1.0,1.0,656,0
2125,1.0,1.0,657,0
1525,1.0,1.0,657,0
1299,1.0,1.0,657,0
1188,1.0,1.0,657,0
1090,1.0,1.0,657,0
1068,1.0,1.0,657,0
1030,1.0,1.0,657,0
965,1.0,1.0,657,0
862,1.0,1.0,657,0
2202,1.0,1.0,658,0
1695,1.0,1.0,658,0
1653,1.0,1.0,658,0
1575,3.0,1.0,658,0
1125,1.0,1.0,658,0
1081,1.0,1.0,658,0
889,1.0,1.0,658,0
1920,1.0,1.0,659,0
1770,1.0,1.0,659,0
1720,1.0,1.0,659,0
1515,1.0,1.0,659,0
1495,1.0,1.0,659,0
1475,1.0,1.0,659,0
1395,1.0,1.0,659,0
1291,1.0,1.0,659,0
1265,1.0,1.0,659,0
1010,1.0,1.0,659,0
1010,1.0,1.0,659,0
695,1.0,1.0,659,0
555,1.0,1.0,659,0
4200,1.0,1.0,660,0
2250,1.0,1.0,660,0
1905,1.0,1.0,660,0
1560,1.0,1.0,660,0
1530,2.0,1.0,660,0
1510,1.0,1.0,660,0
1500,2.0,1.0,660,0
1470,1.0,1.0,660,0
1450,1.0,1.0,660,0
1450,1.0,1.0,660,0
1395,1.0,1.0,660,0
1345,1.0,1.0,660,0
1309,1.0,1.0,660,0
1300,1.0,1.0,660,0
1299,1.0,1.0,660,0
1180,2.0,1.0,660,0
1165,1.0,1.0,660,0
1150,1.0,1.0,660,0
1067,1.0,1.0,660,0
1035,1.0,1.0,660,0
999,1.0,1.0,660,0
982,1.0,1.0,660,0
955,2.0,1.0,660,0
950,1.0,1.0,660,0
905,1.0,1.0,660,0
900,2.0,1.0,660,0
900,1.0,1.0,660,0
895,1.0,1.0,660,0
890,1.0,1.0,660,0
885,1.0,1.0,660,0
855,1.0,1.0,660,0
849,1.0,1.0,660,0
820,1.0,1.0,660,0
806,1.0,1.0,660,0
793,1.0,1.0,660,0
780,1.0,1.0,660,0
760,1.0,1.0,660,0
745,1.0,1.0,660,0
740,1.0,1.0,660,0
730,1.0,1.0,660,0
678,1.0,1.0,660,0
650,1.0,1.0,660,0
650,1.0,1.0,660,0
629,1.0,1.0,660,0
615,1.0,1.0,660,0
600,1.0,1.0,660,0
575,1.0,1.0,660,0
2990,1.0,1.0,661,0
2885,1.0,1.0,661,0
1583,2.0,1.0,661,0
1332,1.0,1.0,661,0
1320,2.0,1.0,661,0
1048,1.0,1.0,661,0
1037,1.0,1.0,661,0
930,1.0,1.0,661,0
862,1.0,1.0,661,0
655,1.0,1.0,661,0
2996,3.0,1.0,662,2
2750,1.0,1.0,662,0
981,1.0,1.0,662,0
855,1.0,1.0,662,0
845,1.0,1.0,662,0
835,1.0,1.0,662,0
816,1.0,1.0,662,0
1590,1.0,1.0,663,0
1528,1.0,1.0,663,0
1475,1.0,1.0,663,0
1355,2.0,1.0,663,0
1290,1.0,1.0,663,0
1156,2.0,1.0,663,0
1117,1.0,1.0,663,0
1045,1.0,1.0,663,0
896,1.0,1.0,663,0
877,1.0,1.0,663,0
754,1.0,1.0,663,0
2000,1.0,1.0,664,0
1585,3.0,1.0,664,0
1385,2.0,1.0,664,0
1275,1.0,1.0,664,0
1180,1.0,1.0,664,0
1079,1.0,1.0,664,0
1056,1.0,1.0,664,0
1056,1.0,1.0,664,0
950,1.0,1.0,664,0
927,1.0,1.0,664,0
895,1.0,1.0,664,0
817,1.0,1.0,664,0
775,1.0,1.0,664,0
671,1.0,1.0,664,0
475,1.0,1.0,664,0
2016,1.0,1.0,665,0
1935,1.0,1.0,665,0
1865,1.0,1.0,665,0
1588,1.0,1.0,665,0
1115,1.0,1.0,665,0
1090,1.0,1.0,665,0
985,1.0,1.0,665,0
965,1.0,1.0,665,0
869,1.0,1.0,665,0
849,1.0,1.0,665,0
811,1.0,1.0,665,0
790,1.0,1.0,665,0
751,1.0,1.0,665,0
699,1.0,1.0,665,0
625,1.0,1.0,665,0
605,1.0,1.0,665,0
600,1.0,1.0,665,0
1998,1.0,1.0,666,0
984,1.0,1.0,666,0
883,1.0,1.0,666,0
575,1.0,1.0,666,0
3444,1.0,1.0,667,0
3087,1.0,1.0,667,0
2165,1.0,1.0,667,0
1629,1.0,1.0,667,0
1425,1.0,1.0,667,0
1295,1.0,1.0,667,0
1170,1.0,1.0,667,0
1049,1.0,1.0,667,0
919,1.0,1.0,667,0
915,1.0,1.0,667,0
895,1.0,1.0,667,0
835,1.0,1.0,667,0
825,1.0,1.0,667,0
2624,2.0,1.0,668,0
2300,1.0,1.0,668,0
1415,1.0,1.0,668,0
1285,1.0,1.0,668,0
1260,1.0,1.0,668,0
1260,1.0,1.0,668,0
1125,1.0,1.0,668,0
1125,1.0,1.0,668,0
1069,1.0,1.0,668,0
999,1.0,1.0,668,0
969,1.0,1.0,668,0
925,1.0,1.0,668,0
695,1.0,1.0,668,0
640,1.0,1.0,668,0
615,1.0,1.0,668,0
1295,1.0,1.0,669,0
1260,1.0,1.0,669,0
1230,1.0,1.0,669,0
1100,1.0,1.0,669,0
1026,2.0,1.0,669,0
875,1.0,1.0,669,0
2280,1.0,1.0,670,0
2250,1.0,1.0,670,0
2140,2.0,1.0,670,0
1650,1.0,1.0,670,0
1500,1.0,1.0,670,0
1210,1.0,1.0,670,0
1200,1.0,1.0,670,0
1135,1.0,1.0,670,0
1100,1.0,1.0,670,0
1095,1.0,1.0,670,0
1095,1.0,1.0,670,0
1089,1.0,1.0,670,0
1000,1.0,1.0,670,0
925,1.0,1.0,670,0
890,1.0,1.0,670,0
870,1.0,1.0,670,0
830,1.0,1.0,670,0
829,1.0,1.0,670,0
775,1.0,1.0,670,0
685,1.0,1.0,670,0
615,1.0,1.0,670,0
560,1.0,1.0,670,0
400,1.0,1.0,670,0
2182,1.0,1.0,671,0
2017,1.0,1.0,671,0
1778,2.0,1.0,671,0
1606,1.0,1.0,671,0
1436,1.0,1.0,671,0
1330,1.0,1.0,671,0
899,1.0,1.0,671,0
899,1.0,1.0,671,0
769,1.0,1.0,671,0
2490,1.0,1.0,672,0
2250,1.0,1.0,672,0
1860,1.0,1.0,672,0
1690,2.0,1.0,672,0
1625,1.0,1.0,672,0
1600,1.0,1.0,672,0
1515,1.0,1.0,672,0
1395,1.0,1.0,672,0
1265,2.0,1.0,672,0
1140,1.0,1.0,672,0
1135,1.0,1.0,672,0
1098,1.0,1.0,672,0
1055,1.0,1.0,672,0
1045,1.0,1.0,672,0
965,1.0,1.0,672,0
940,1.0,1.0,672,0
905,1.0,1.0,672,0
850,1.0,1.0,672,0
847,1.0,1.0,672,0
635,1.0,1.0,672,0
450,1.0,1.0,672,0
428,1.0,1.0,672,0
2798,1.0,1.0,673,0
2600,1.0,1.0,673,0
1579,1.0,1.0,673,0
1546,0.0,1.0,673,0
1534,1.0,1.0,673,0
1370,1.0,1.0,673,0
995,1.0,1.0,673,0
985,1.0,1.0,673,0
950,2.0,1.0,673,0
862,1.0,1.0,673,0
720,1.0,1.0,673,0
700,1.0,1.0,673,0
1655,1.0,1.0,674,0
1618,1.0,1.0,674,0
1451,1.0,1.0,674,0
1300,1.0,1.0,674,0
1175,1.0,1.0,674,0
1025,1.0,1.0,674,0
892,1.0,1.0,674,0
875,1.0,1.0,674,0
850,2.0,1.0,674,0
791,1.0,1.0,674,0
3495,1.0,1.0,675,0
3050,1.0,1.0,675,0
1895,1.0,1.0,675,0
1880,1.0,1.0,675,0
1875,1.0,1.0,675,0
1780,1.0,1.0,675,0
1780,1.0,1.0,675,0
1745,2.0,1.0,675,0
1715,1.0,1.0,675,0
1555,1.0,1.0,675,0
1516,1.0,1.0,675,0
1506,1.0,1.0,675,0
1470,1.0,1.0,675,0
1440,1.0,1.0,675,0
1436,1.0,1.0,675,0
1345,1.0,1.0,675,0
1295,2.0,1.0,675,0
1275,1.0,1.0,675,0
1275,1.0,1.0,675,0
1250,1.0,1.0,675,0
1220,1.0,1.0,675,0
1200,1.0,1.0,675,0
1190,1.0,1.0,675,0
1190,1.0,1.0,675,0
1150,1.0,1.0,675,0
1150,1.0,1.0,675,0
1127,1.0,1.0,675,0
1095,2.0,1.0,675,0
979,1.0,1.0,675,0
962,1.0,1.0,675,0
945,1.0,1.0,675,0
932,1.0,1.0,675,0
915,1.0,1.0,675,0
875,2.0,1.0,675,0
850,1.0,1.0,675,0
840,1.0,1.0,675,0
800,2.0,1.0,675,0
794,1.0,1.0,675,0
695,1.0,1.0,675,0
695,2.0,1.0,675,0
645,1.0,1.0,675,0
640,2.0,1.0,675,0
620,1.0,1.0,675,0
595,2.0,1.0,675,0
485,1.0,1.0,675,0
1125,1.0,1.0,676,0
960,1.0,1.0,676,0
950,1.0,1.0,676,0
870,1.0,1.0,676,0
855,2.0,1.0,676,0
785,1.0,1.0,676,0
785,1.0,1.0,676,0
725,1.0,1.0,676,0
2033,1.0,1.0,677,0
1677,1.0,1.0,677,0
1391,1.0,1.0,677,0
1315,1.0,1.0,677,0
1215,1.0,1.0,677,0
1027,1.0,1.0,677,0
900,1.0,1.0,677,0
800,1.0,1.0,677,0
3795,2.0,2.0,678,2
2200,1.0,1.0,678,0
2089,1.0,1.0,678,0
2075,2.0,1.0,678,0
1789,1.0,1.0,678,0
1750,2.0,1.0,678,0
1665,1.0,1.0,678,0
1468,1.0,1.0,678,0
1400,1.0,1.0,678,0
1372,1.0,1.0,678,0
1109,1.0,1.0,678,0
1104,1.0,1.0,678,0
1035,1.0,1.0,678,0
1000,1.0,1.0,678,0
890,1.0,1.0,678,0
860,2.0,1.0,678,0
815,1.0,1.0,678,0
717,1.0,1.0,678,0
1675,1.0,1.0,679,0
1600,1.0,1.0,679,0
1265,1.0,1.0,679,0
1245,1.0,1.0,679,0
1225,1.0,1.0,679,0
1095,1.0,1.0,679,0
3952,1.0,1.0,680,0
2840,1.0,1.0,680,0
2349,1.0,1.0,680,0
1835,1.0,1.0,680,0
1795,1.0,1.0,680,0
1424,1.0,1.0,680,0
1325,1.0,1.0,680,0
1310,1.0,1.0,680,0
1227,1.0,1.0,680,0
1186,1.0,1.0,680,0
1179,1.0,1.0,680,0
1080,1.0,1.0,680,0
1075,1.0,1.0,680,0
1059,1.0,1.0,680,0
1050,1.0,1.0,680,0
1045,1.0,1.0,680,0
1035,1.0,1.0,680,0
1025,1.0,1.0,680,0
1025,1.0,1.0,680,0
985,1.0,1.0,680,0
975,2.0,1.0,680,0
975,1.0,1.0,680,0
951,1.0,1.0,680,0
950,3.0,1.0,680,0
930,1.0,1.0,680,0
913,1.0,1.0,680,0
900,1.0,1.0,680,0
890,1.0,1.0,680,0
830,1.0,1.0,680,0
800,2.0,1.0,680,0
795,1.0,1.0,680,0
785,1.0,1.0,680,0
750,0.0,1.0,680,0
720,1.0,1.0,680,0
700,1.0,1.0,680,0
680,1.0,1.0,680,0
653,1.0,1.0,680,0
650,1.0,1.0,680,0
605,1.0,1.0,680,0
575,1.0,1.0,680,0
550,1.0,1.0,680,0
1440,1.0,1.0,681,0
1240,1.0,1.0,681,0
1175,1.0,1.0,681,0
1175,1.0,1.0,681,0
1005,1.0,1.0,681,0
858,1.0,1.0,681,0
2329,1.0,1.0,682,0
1675,1.0,1.0,682,0
1645,1.0,1.0,682,0
1615,1.0,1.0,682,0
1414,1.0,1.0,682,0
1205,1.0,1.0,682,0
1190,1.0,1.0,682,0
1180,1.0,1.0,682,0
1165,1.0,1.0,682,0
1075,1.0,1.0,682,0
635,1.0,1.0,682,0
415,1.0,1.0,682,0
1450,1.0,1.0,683,0
1180,1.0,1.0,683,0
1130,1.0,1.0,683,0
1100,1.0,1.0,683,0
1015,1.0,1.0,683,0
928,1.0,1.0,683,0
785,1.0,1.0,683,0
1450,2.0,1.0,684,0
1299,1.0,1.0,684,0
1240,1.0,1.0,684,0
939,1.0,1.0,684,0
2720,2.0,1.0,685,0
2465,1.0,1.0,685,0
1987,1.0,1.0,685,0
1735,1.0,1.0,685,0
1695,1.0,1.0,685,0
1650,1.0,1.0,685,0
1489,0.0,1.0,685,0
1399,1.0,1.0,685,0
1395,2.0,1.0,685,0
1360,1.0,1.0,685,0
1180,1.0,1.0,685,0
1150,2.0,1.0,685,0
1099,1.0,1.0,685,0
1050,1.0,1.0,685,0
1050,1.0,1.0,685,0
1050,1.0,1.0,685,0
998,1.0,1.0,685,0
905,1.0,1.0,685,0
895,1.0,1.0,685,0
850,1.0,1.0,685,0
775,1.0,1.0,685,0
671,1.0,1.0,685,0
1575,1.0,1.0,686,0
1324,1.0,1.0,686,0
1240,2.0,1.0,686,0
1185,1.0,1.0,686,0
1120,1.0,1.0,686,0
1020,1.0,1.0,686,0
805,1.0,1.0,686,0
627,1.0,1.0,686,0
1470,1.0,1.0,687,0
1430,1.0,1.0,687,0
1390,1.0,1.0,687,0
1345,1.0,1.0,687,0
1017,1.0,1.0,687,0
1005,1.0,1.0,687,0
949,1.0,1.0,687,0
2420,1.0,1.0,688,0
1345,1.0,1.0,688,0
1319,1.0,1.0,688,0
1196,1.0,1.0,688,0
1179,1.0,1.0,688,0
1179,1.0,1.0,688,0
1095,1.0,1.0,688,0
1050,1.0,1.0,688,0
1020,1.0,1.0,688,0
938,1.0,1.0,688,0
930,1.0,1.0,688,0
829,1.0,1.0,688,0
2750,1.0,1.0,689,0
2450,1.0,1.0,689,0
2117,1.0,1.0,689,0
1820,1.0,1.0,689,0
1762,1.0,1.0,689,0
1749,1.0,1.0,689,0
1679,1.0,1.0,689,0
1670,1.0,1.0,689,0
1258,1.0,1.0,689,0
1080,1.0,1.0,689,0
962,1.0,1.0,689,0
927,1.0,1.0,689,0
925,1.0,1.0,689,0
875,1.0,1.0,689,0
2200,1.0,1.0,690,0
2095,1.0,1.0,690,0
1839,1.0,1.0,690,0
1322,1.0,1.0,690,0
1295,1.0,1.0,690,0
1240,1.0,1.0,690,0
1200,1.0,1.0,690,0
1010,1.0,1.0,690,0
1000,1.0,1.0,690,0
965,3.0,1.0,690,0
950,1.0,1.0,690,0
895,1.0,1.0,690,0
879,1.0,1.0,690,0
850,1.0,1.0,690,0
825,1.0,1.0,690,0
814,2.0,1.0,690,0
800,1.0,1.0,690,0
750,1.0,1.0,690,0
715,1.0,1.0,690,0
698,1.0,1.0,690,0
545,2.0,1.0,690,0
2200,1.0,1.0,691,0
1140,1.0,1.0,691,0
1045,1.0,1.0,691,0
1029,1.0,1.0,691,0
1019,1.0,1.0,691,0
986,1.0,1.0,691,0
2305,1.0,1.0,692,0
1772,1.0,1.0,692,0
1745,1.0,1.0,692,0
1435,1.0,1.0,692,0
1185,1.0,1.0,692,0
1106,1.0,1.0,692,0
1063,1.0,1.0,692,0
1058,1.0,1.0,692,0
1020,1.0,1.0,692,0
1001,1.0,1.0,692,0
1000,1.0,1.0,692,0
996,1.0,1.0,692,0
994,1.0,1.0,692,0
985,1.0,1.0,692,0
979,1.0,1.0,692,0
908,1.0,1.0,692,0
900,1.0,1.0,692,0
890,1.0,1.0,692,0
890,1.0,1.0,692,0
829,0.0,1.0,692,0
750,1.0,1.0,692,0
746,1.0,1.0,692,0
725,1.0,1.0,692,0
2475,1.0,1.0,693,0
1595,1.0,1.0,693,0
1195,1.0,1.0,693,0
1060,1.0,1.0,693,0
985,1.0,1.0,693,0
2350,1.0,1.0,694,0
1799,1.0,1.0,694,0
1695,1.0,1.0,694,0
1695,1.0,1.0,694,0
1509,1.0,1.0,694,0
1490,1.0,1.0,694,0
970,1.0,1.0,694,0
925,1.0,1.0,694,0
845,1.0,1.0,694,0
820,1.0,1.0,694,0
2390,1.0,1.0,695,0
1957,1.0,1.0,695,0
1937,1.0,1.0,695,0
1600,1.0,1.0,695,0
1525,1.0,1.0,695,0
1177,1.0,1.0,695,0
1105,1.0,1.0,695,0
1065,3.0,1.0,695,0
915,1.0,1.0,695,0
800,1.0,1.0,695,0
736,2.0,1.0,695,0
725,1.0,1.0,695,0
600,1.0,1.0,695,0
475,2.0,1.0,695,0
3030,1.0,1.0,696,0
2237,1.0,1.0,696,0
1800,0.0,1.0,696,0
1755,1.0,1.0,696,0
1660,3.0,1.0,696,0
1598,2.0,1.0,696,0
1355,1.0,1.0,696,0
1220,1.0,1.0,696,0
1025,2.0,1.0,696,0
978,1.0,1.0,696,0
915,1.0,1.0,696,0
800,1.0,1.0,696,0
795,2.0,1.0,696,0
719,1.0,1.0,696,0
1750,1.0,1.0,697,0
1740,1.0,1.0,697,0
1655,1.0,1.0,697,0
1565,1.0,1.0,697,0
1170,1.0,1.0,697,0
1155,1.0,1.0,697,0
1155,1.0,1.0,697,0
1090,1.0,1.0,697,0
945,1.0,1.0,697,0
925,1.0,1.0,697,0
920,1.0,1.0,697,0
837,1.0,1.0,697,0
834,1.0,1.0,697,0
1695,1.0,1.0,698,0
1279,1.0,1.0,698,0
1259,1.0,1.0,698,0
1259,1.0,1.0,698,0
1259,1.0,1.0,698,0
1200,1.0,1.0,698,0
1084,1.0,1.0,698,0
1028,1.0,1.0,698,0
990,1.0,1.0,698,0
1190,1.0,1.0,699,0
670,1.0,1.0,699,0
3730,1.0,1.0,700,0
2800,1.0,1.0,700,0
2600,1.0,1.0,700,0
2500,1.0,1.0,700,0
2450,2.0,1.0,700,0
2450,1.0,1.0,700,0
2395,2.0,1.0,700,0
2350,2.0,1.0,700,0
2350,2.0,1.0,700,0
2350,2.0,1.0,700,0
2325,1.0,1.0,700,0
2250,2.0,1.0,700,0
2100,1.0,1.0,700,0
2100,1.0,1.0,700,0
2095,1.0,1.0,700,0
2095,1.0,1.0,700,0
2034,1.0,1.0,700,0
2025,1.0,1.0,700,0
1995,1.0,1.0,700,0
1950,1.0,1.0,700,0
1925,1.0,1.0,700,0
1900,1.0,1.0,700,0
1850,1.0,1.0,700,0
1825,1.0,1.0,700,0
1807,1.0,1.0,700,0
1795,1.0,1.0,700,0
1695,1.0,1.0,700,0
1695,1.0,1.0,700,0
1689,2.0,1.0,700,0
1668,1.0,1.0,700,0
1668,1.0,1.0,700,0
1615,1.0,1.0,700,0
1600,1.0,1.0,700,0
1600,1.0,1.0,700,0
1600,1.0,1.0,700,0
1595,1.0,1.5,700,0
1595,3.0,1.0,700,0
1570,1.0,1.0,700,0
1550,2.0,1.0,700,0
1544,1.0,1.0,700,0
1495,1.0,1.0,700,0
1479,1.0,1.0,700,0
1475,1.0,1.0,700,0
1475,1.0,1.0,700,0
1475,1.0,1.0,700,0
1466,1.0,1.0,700,0
1463,1.0,1.0,700,0
1455,1.0,1.0,700,0
1450,2.0,1.0,700,0
1445,1.0,1.0,700,0
1441,1.0,1.0,700,0
1425,1.0,1.0,700,0
1399,1.0,1.0,700,0
1398,1.0,1.0,700,0
1395,1.0,1.0,700,0
1395,2.0,1.0,700,0
1350,1.0,1.0,700,0
1335,1.0,1.0,700,0
1320,1.0,1.0,700,0
1295,2.0,1.0,700,0
1280,1.0,1.0,700,0
1275,2.0,1.0,700,0
1275,1.0,1.0,700,0
1275,1.0,1.0,700,0
1270,1.0,1.0,700,0
1259,1.0,1.0,700,0
1245,1.0,1.0,700,0
1235,1.0,1.0,700,0
1230,1.0,1.0,700,0
1200,1.0,1.0,700,0
1175,1.0,1.0,700,0
1150,1.0,1.0,700,0
1145,1.0,1.0,700,0
1145,1.0,1.0,700,0
1140,1.0,1.0,700,0
1131,1.0,1.0,700,0
1130,1.0,1.0,700,0
1105,1.0,1.0,700,0
1105,1.0,1.0,700,0
1095,1.0,1.0,700,0
1095,1.0,1.0,700,0
1095,1.0,1.0,700,0
1090,1.0,1.0,700,0
1080,2.0,1.0,700,0
1079,1.0,1.0,700,0
1076,1.0,1.0,700,0
1075,1.0,1.0,700,0
1065,1.0,1.0,700,0
1065,1.0,1.0,700,0
1050,1.0,1.0,700,0
1050,1.0,1.0,700,0
1050,1.0,1.0,700,0
1050,1.0,1.0,700,0
1045,1.0,1.0,700,0
1045,1.0,1.5,700,0
1040,2.0,1.0,700,0
1040,2.0,1.0,700,0
1039,1.0,1.0,700,0
1035,1.0,1.0,700,0
1030,1.0,1.0,700,0
1030,1.0,1.0,700,0
1028,2.0,1.0,700,0
1025,1.0,1.0,700,0
1019,1.0,1.0,700,0
1015,1.0,1.0,700,0
1014,1.0,1.0,700,0
1013,1.0,1.0,700,0
1011,1.0,1.0,700,0
999,1.0,1.0,700,0
999,1.0,1.0,700,0
995,1.0,1.0,700,0
995,1.0,1.0,700,0
995,1.0,1.0,700,0
995,1.0,1.0,700,0
985,1.0,1.0,700,0
980,1.0,1.0,700,0
975,2.0,1.0,700,0
975,1.0,1.0,700,0
965,1.0,1.0,700,0
965,1.0,1.0,700,0
965,1.0,1.0,700,0
950,1.0,1.0,700,0
950,1.0,1.0,700,0
949,2.0,1.0,700,0
940,1.0,1.0,700,0
935,1.0,1.0,700,0
930,1.0,1.0,700,0
925,1.0,1.0,700,0
925,1.0,1.5,700,0
924,1.0,1.0,700,0
905,1.0,1.0,700,0
905,1.0,1.0,700,0
904,1.0,1.0,700,0
900,1.0,1.0,700,0
900,1.0,1.0,700,0
895,1.0,1.0,700,0
895,1.0,1.0,700,0
895,1.0,1.0,700,0
880,2.0,1.0,700,0
875,2.0,1.0,700,0
850,2.0,1.0,700,0
850,1.0,1.0,700,0
850,1.0,1.0,700,0
849,1.0,1.0,700,0
842,1.0,1.0,700,0
840,1.0,1.0,700,0
839,2.0,1.0,700,0
825,1.0,1.0,700,0
825,1.0,1.0,700,0
825,1.0,1.0,700,0
824,1.0,1.0,700,0
823,1.0,1.0,700,0
795,1.0,1.0,700,0
785,1.0,1.0,700,0
775,1.0,1.0,700,0
775,2.0,1.0,700,0
775,1.0,1.0,700,0
775,2.0,1.0,700,0
770,1.0,1.0,700,0
750,2.0,1.0,700,0
750,1.0,1.0,700,0
750,1.0,1.0,700,0
749,1.0,1.0,700,0
745,1.0,1.0,700,0
730,2.0,1.0,700,0
725,2.0,1.0,700,0
725,1.0,1.0,700,0
725,2.0,1.0,700,0
722,1.0,1.0,700,0
718,1.0,1.0,700,0
715,1.0,1.0,700,0
705,1.0,1.0,700,0
700,2.0,1.0,700,0
700,1.0,1.0,700,0
695,2.0,2.0,700,2
692,1.0,1.0,700,0
690,1.0,1.0,700,0
680,1.0,1.0,700,0
675,1.0,1.0,700,0
665,1.0,1.0,700,0
655,1.0,1.0,700,0
630,1.0,1.0,700,0
600,1.0,1.0,700,0
600,1.0,1.0,700,0
595,1.0,1.0,700,0
595,1.0,1.0,700,0
459,1.0,1.0,700,0
450,2.0,1.0,700,0
2000,1.0,1.0,701,0
1680,0.0,1.0,701,0
1622,1.0,1.0,701,0
1495,1.0,1.0,701,0
1335,1.0,1.0,701,0
1165,1.0,1.0,701,0
1054,1.0,1.0,701,0
960,1.0,1.0,701,0
914,1.0,1.0,701,0
900,1.0,1.0,701,0
687,1.0,1.0,701,0
675,1.0,1.0,701,0
640,1.0,1.0,701,0
1620,1.0,1.0,702,0
1455,1.0,1.0,702,0
1255,1.0,1.0,702,0
1122,1.0,1.0,702,0
999,1.0,1.0,702,0
950,1.0,1.0,702,0
949,1.0,1.0,702,0
945,1.0,1.0,702,0
860,1.0,1.0,702,0
848,1.0,1.0,702,0
625,2.0,1.0,702,0
600,1.0,1.0,702,0
3503,1.0,1.0,703,0
1581,1.0,1.0,703,0
1460,2.0,1.0,703,0
1175,1.0,1.0,703,0
1024,1.0,1.0,703,0
1000,1.0,1.0,703,0
990,1.0,1.0,703,0
965,1.0,1.0,703,0
830,1.0,1.0,703,0
825,1.0,1.0,703,0
3608,1.0,1.0,704,0
2795,2.0,1.0,704,0
1806,1.0,1.0,704,0
1406,1.0,1.0,704,0
1209,1.0,1.0,704,0
1099,1.0,1.0,704,0
1000,1.0,1.0,704,0
819,1.0,1.0,704,0
729,1.0,1.0,704,0
645,1.0,1.0,704,0
595,2.0,1.0,704,0
2495,1.0,1.0,705,0
2350,1.0,1.0,705,0
1842,1.0,1.0,705,0
1811,2.0,1.0,705,0
1750,1.0,1.0,705,0
1720,0.0,1.0,705,0
1666,2.0,1.0,705,0
1656,1.0,1.0,705,0
1355,1.0,2.0,705,0
1150,1.0,1.0,705,0
1000,1.0,1.0,705,0
935,1.0,1.0,705,0
885,1.0,1.0,705,0
872,1.0,1.0,705,0
779,1.0,1.0,705,0
718,1.0,1.0,705,0
2140,1.0,1.0,706,0
1620,1.0,1.0,706,0
1211,1.0,1.0,706,0
1048,1.0,1.0,706,0
991,1.0,1.0,706,0
973,1.0,1.0,706,0
935,1.0,1.0,706,0
679,1.0,1.0,706,0
2950,1.0,1.0,707,0
2050,1.0,1.0,707,0
1995,1.0,1.0,707,0
1365,1.0,1.0,707,0
1130,1.0,1.0,707,0
999,1.0,1.0,707,0
875,1.0,1.0,707,0
831,1.0,1.0,707,0
570,1.0,1.0,707,0
1570,1.0,1.0,708,0
1465,1.0,1.0,708,0
1370,1.0,1.0,708,0
1334,1.0,1.0,708,0
1295,1.0,1.0,708,0
1199,1.0,1.0,708,0
1186,1.0,1.0,708,0
1152,1.0,1.0,708,0
1120,1.0,1.0,708,0
1030,2.0,1.0,708,0
995,1.0,1.0,708,0
976,1.0,1.0,708,0
958,1.0,1.0,708,0
938,1.0,1.0,708,0
810,1.0,1.0,708,0
810,1.0,1.0,708,0
1840,1.0,1.0,709,0
1795,1.0,1.0,709,0
1565,1.0,1.0,709,0
1269,1.0,1.0,709,0
1174,1.0,1.0,709,0
1090,1.0,1.0,709,0
900,1.0,1.0,709,0
870,1.0,1.0,709,0
825,1.0,1.0,709,0
825,1.0,1.0,709,0
676,1.0,1.0,709,0
3005,1.0,1.0,710,0
2092,2.0,1.0,710,0
1975,1.0,1.0,710,0
1795,1.0,1.0,710,0
1790,2.0,1.0,710,0
1487,1.0,1.0,710,0
1427,1.0,1.0,710,0
1375,1.0,1.0,710,0
1350,1.0,1.0,710,0
1205,1.0,1.0,710,0
1010,1.0,1.0,710,0
846,1.0,1.0,710,0
832,1.0,1.0,710,0
805,1.0,1.0,710,0
760,1.0,1.0,710,0
668,1.0,1.0,710,0
615,3.0,1.0,710,0
555,1.0,1.0,710,0
1865,1.0,1.0,711,0
1420,1.0,1.0,711,0
1390,1.0,1.0,711,0
1090,1.0,1.0,711,0
959,1.0,1.0,711,0
800,1.0,1.0,711,0
1849,1.0,1.0,712,0
1772,1.0,1.0,712,0
1600,2.0,2.0,712,2
1375,1.0,1.0,712,0
1155,1.0,1.0,712,0
1155,1.0,1.0,712,0
1120,1.0,1.0,712,0
1075,1.0,1.0,712,0
1049,1.0,1.0,712,0
985,1.0,1.0,712,0
2669,1.0,1.0,713,0
2388,1.0,1.0,713,0
1525,2.0,1.0,713,0
1495,1.0,1.0,713,0
1350,1.0,1.0,713,0
1015,2.0,1.0,713,0
975,1.0,1.0,713,0
779,1.0,1.0,713,0
3000,1.0,1.0,714,0
2105,1.0,1.0,714,0
1635,1.0,1.0,714,0
1620,1.0,1.0,714,0
1575,1.0,1.0,714,0
899,1.0,1.0,714,0
849,1.0,1.0,714,0
809,1.0,1.0,714,0
2098,1.0,1.0,715,0
1970,1.0,1.0,715,0
1775,1.0,1.0,715,0
1762,1.0,1.0,715,0
1690,1.0,1.0,715,0
1420,1.0,1.0,715,0
1195,1.0,1.0,715,0
1105,1.0,1.0,715,0
1000,1.0,1.0,715,0
990,1.0,1.0,715,0
979,1.0,1.0,715,0
895,1.0,1.0,715,0
849,1.0,1.0,715,0
835,1.0,1.0,715,0
815,1.0,1.0,715,0
815,1.0,1.0,715,0
804,1.0,1.0,715,0
665,1.0,1.0,715,0
650,1.0,1.0,715,0
1515,1.0,1.0,716,0
1099,1.0,1.0,716,0
1019,1.0,1.0,716,0
995,1.0,1.0,716,0
895,2.0,1.0,716,0
824,1.0,1.0,716,0
783,1.0,1.0,716,0
760,1.0,1.0,716,0
2300,1.0,1.0,717,0
2210,1.0,1.0,717,0
1350,1.0,1.0,717,0
1265,1.0,1.0,717,0
1200,1.0,1.0,717,0
1022,1.0,1.0,717,0
1018,1.0,1.0,717,0
930,1.0,1.0,717,0
791,1.0,1.0,717,0
605,1.0,1.0,717,0
1705,2.0,1.0,718,0
1300,2.0,1.0,718,0
1269,1.0,1.0,718,0
1119,1.0,1.0,718,0
1065,1.0,1.0,718,0
895,2.0,1.0,718,0
880,1.0,1.0,718,0
859,1.0,1.0,718,0
805,1.0,1.0,718,0
675,1.0,1.0,718,0
670,1.0,1.0,718,0
2190,1.0,1.0,719,0
1795,1.0,1.0,719,0
1693,1.0,1.0,719,0
1499,1.0,1.0,719,0
1319,1.0,1.0,719,0
1279,1.0,1.0,719,0
1229,1.0,1.0,719,0
1094,1.0,1.0,719,0
1079,1.0,1.0,719,0
1064,1.0,1.0,719,0
1025,1.0,1.0,719,0
969,2.0,1.0,719,0
883,1.0,1.0,719,0
810,1.0,1.0,719,0
635,1.0,1.0,719,0
3389,1.0,1.0,720,0
3200,2.0,1.0,720,0
2775,2.0,1.0,720,0
2727,1.0,1.0,720,0
2315,1.0,1.0,720,0
2165,1.0,1.0,720,0
2100,1.0,1.0,720,0
1995,1.0,1.0,720,0
1990,1.0,1.0,720,0
1885,1.0,1.0,720,0
1832,1.0,1.0,720,0
1795,1.0,1.0,720,0
1795,1.0,1.0,720,0
1775,1.0,1.0,720,0
1750,1.0,1.0,720,0
1720,1.0,1.0,720,0
1700,2.0,2.0,720,2
1695,2.0,1.0,720,0
1590,1.0,1.0,720,0
1589,1.0,1.0,720,0
1575,1.0,1.0,720,0
1445,1.0,1.0,720,0
1309,1.0,1.0,720,0
1250,2.0,1.0,720,0
1225,2.0,1.0,720,0
1225,1.0,1.0,720,0
1201,1.0,1.0,720,0
1185,1.0,1.0,720,0
1152,1.0,1.0,720,0
1130,1.0,1.0,720,0
1100,2.0,1.0,720,0
1084,1.0,1.0,720,0
1020,1.0,1.0,720,0
1009,1.0,1.0,720,0
999,1.0,1.0,720,0
986,1.0,1.0,720,0
975,1.0,1.0,720,0
955,1.0,1.0,720,0
946,2.0,1.0,720,0
919,1.0,1.0,720,0
905,1.0,1.0,720,0
895,1.0,1.0,720,0
895,1.0,1.0,720,0
845,1.0,1.0,720,0
841,1.0,1.0,720,0
835,2.0,1.0,720,0
835,2.0,1.0,720,0
825,1.0,1.0,720,0
795,2.0,1.0,720,0
790,1.0,1.0,720,0
650,2.0,1.0,720,0
620,2.0,1.0,720,0
600,1.0,1.0,720,0
599,1.0,1.0,720,0
2850,1.0,1.0,721,0
1995,3.0,1.0,721,2
1440,1.0,1.0,721,0
1260,1.0,1.0,721,0
1029,1.0,1.0,721,0
915,1.0,1.0,721,0
841,1.0,1.0,721,0
2795,1.0,1.0,722,0
1814,1.0,1.0,722,0
1500,1.0,1.0,722,0
1445,1.0,1.0,722,0
1400,1.0,1.0,722,0
1195,2.0,1.0,722,0
1165,1.0,1.0,722,0
1039,1.0,1.0,722,0
985,1.0,1.0,722,0
950,1.0,1.0,722,0
950,1.0,1.0,722,0
940,1.0,1.0,722,0
928,1.0,1.0,722,0
910,1.0,1.0,722,0
855,1.0,1.0,722,0
828,1.0,1.0,722,0
795,1.0,1.0,722,0
769,1.0,1.0,722,0
3528,1.0,1.0,723,0
3027,1.0,1.0,723,0
2280,1.0,1.0,723,0
1677,1.0,1.0,723,0
1587,1.0,1.0,723,0
1212,1.0,1.0,723,0
1149,1.0,1.0,723,0
945,1.0,1.0,723,0
940,1.0,1.0,723,0
835,1.0,1.0,723,0
800,1.0,1.0,723,0
715,1.0,1.0,723,0
2500,1.0,1.0,724,0
1759,1.0,1.0,724,0
1425,1.0,1.0,724,0
1220,1.0,1.0,724,0
1205,1.0,1.0,724,0
1045,1.0,1.0,724,0
900,1.0,1.0,724,0
825,1.0,1.0,724,0
640,2.0,1.0,724,0
2319,1.0,1.0,725,0
2195,1.0,1.0,725,0
2135,1.0,1.0,725,0
1675,2.0,1.0,725,0
1650,1.0,1.0,725,0
1650,1.0,1.0,725,0
1625,1.0,1.0,725,0
1565,1.0,1.0,725,0
1550,1.0,1.0,725,0
1544,1.0,1.0,725,0
1501,1.0,1.0,725,0
1438,1.0,1.0,725,0
1365,1.0,1.0,725,0
1275,1.0,1.0,725,0
1270,1.0,1.0,725,0
1270,2.0,1.0,725,0
1240,1.0,1.0,725,0
1200,1.0,1.0,725,0
1200,2.0,1.0,725,0
1170,1.0,1.0,725,0
1100,1.0,1.0,725,0
1049,1.0,1.0,725,0
1015,1.0,1.0,725,0
993,1.0,1.0,725,0
975,1.0,1.0,725,0
970,2.0,1.0,725,0
945,1.0,1.0,725,0
932,1.0,1.0,725,0
930,1.0,1.0,725,0
865,1.0,1.0,725,0
835,1.0,1.0,725,0
825,1.0,1.0,725,0
820,1.0,1.0,725,0
800,2.0,1.5,725,0
796,1.0,1.0,725,0
795,1.0,1.0,725,0
775,2.0,1.5,725,0
765,1.0,1.0,725,0
735,1.0,1.0,725,0
725,1.0,1.0,725,0
715,1.0,1.0,725,0
685,1.0,1.0,725,0
1653,1.0,1.0,726,0
1339,1.0,1.0,726,0
1199,1.0,1.0,726,0
740,1.0,1.0,726,0
705,2.0,1.0,726,0
2677,1.0,1.0,727,0
2235,1.0,1.0,727,0
1660,1.0,1.0,727,0
1355,1.0,1.0,727,0
1130,1.0,1.0,727,0
1003,1.0,1.0,727,0
830,1.0,1.0,727,0
815,1.0,1.0,727,0
795,1.0,1.0,727,0
761,2.0,1.0,727,0
670,1.0,1.0,727,0
1930,1.0,1.0,728,0
1730,1.0,1.0,728,0
1375,2.0,1.0,728,0
1290,1.0,1.0,728,0
1260,2.0,1.0,728,0
1100,1.0,1.0,728,0
1020,1.0,1.0,728,0
1010,1.0,1.0,728,0
995,1.0,1.0,728,0
960,1.0,1.0,728,0
930,1.0,1.0,728,0
815,1.0,1.0,728,0
2095,2.0,1.0,729,0
1828,1.0,1.0,729,0
1733,1.0,1.0,729,0
1069,1.0,1.0,729,0
904,1.0,1.0,729,0
890,1.0,1.0,729,0
885,1.0,1.0,729,0
1989,1.0,1.0,730,0
1812,1.0,1.0,730,0
1525,1.0,1.0,730,0
1325,1.0,1.0,730,0
1298,1.0,1.0,730,0
1245,1.0,1.0,730,0
1190,1.0,1.0,730,0
1108,2.0,1.0,730,0
1089,1.0,1.0,730,0
1050,1.0,1.0,730,0
1025,1.0,1.0,730,0
998,1.0,1.0,730,0
998,2.0,1.0,730,0
998,2.0,1.0,730,0
950,1.0,1.0,730,0
928,1.0,1.0,730,0
900,1.0,1.0,730,0
729,1.0,1.0,730,0
714,1.0,1.0,730,0
690,1.0,1.0,730,0
630,1.0,1.0,730,0
595,1.0,1.0,730,0
2050,2.0,2.0,731,2
1964,1.0,1.0,731,0
1800,2.0,1.0,731,0
1305,1.0,1.0,731,0
1305,1.0,1.0,731,0
1040,1.0,1.0,731,0
809,1.0,1.0,731,0
510,1.0,1.0,731,0
3295,1.0,1.0,732,0
2264,1.0,1.0,732,0
1875,1.0,1.0,732,0
1695,2.0,1.0,732,0
1599,2.0,1.5,732,0
1595,1.0,1.0,732,0
1535,1.0,1.0,732,0
1260,1.0,1.0,732,0
1180,1.0,1.0,732,0
1115,1.0,1.0,732,0
1100,1.0,1.0,732,0
2249,1.0,1.0,733,0
2175,1.0,1.0,733,0
1912,1.0,1.0,733,0
1511,1.0,1.0,733,0
1450,1.0,1.0,733,0
1390,1.0,1.0,733,0
1340,2.0,1.0,733,0
1096,1.0,1.0,733,0
830,1.0,1.0,733,0
1404,1.0,1.0,734,0
1400,1.0,1.0,734,0
1039,1.0,1.0,734,0
929,1.0,1.0,734,0
917,1.0,1.0,734,0
885,1.0,1.0,734,0
781,1.0,1.0,734,0
750,1.0,1.0,734,0
744,1.0,1.0,734,0
703,1.0,1.0,734,0
2689,1.0,1.0,735,0
2412,1.0,1.0,735,0
2350,2.0,1.0,735,0
1719,1.0,1.0,735,0
1595,1.0,1.0,735,0
1568,2.0,2.0,735,2
1540,1.0,1.0,735,0
1495,1.0,1.0,735,0
1429,1.0,1.0,735,0
1295,1.0,1.0,735,0
1294,2.0,1.0,735,0
1172,1.0,1.0,735,0
1160,2.0,1.0,735,0
1138,1.0,1.0,735,0
1125,1.0,2.0,735,0
1007,1.0,1.0,735,0
950,1.0,1.0,735,0
860,1.0,1.0,735,0
855,1.0,1.0,735,0
767,1.0,1.0,735,0
1595,1.0,1.0,736,0
1520,1.0,1.0,736,0
1285,1.0,1.0,736,0
1101,1.0,1.0,736,0
1094,1.0,1.0,736,0
980,1.0,1.0,736,0
1832,2.0,1.0,737,0
1795,1.0,1.0,737,0
1585,1.0,1.0,737,0
1155,1.0,1.0,737,0
925,1.0,1.0,737,0
795,1.0,1.0,737,0
695,1.0,1.0,737,0
1926,1.0,1.0,738,0
1708,1.0,1.0,738,0
1668,1.0,1.0,738,0
1649,1.0,1.0,738,0
1445,1.0,1.0,738,0
1325,1.0,1.0,738,0
1204,1.0,1.0,738,0
985,1.0,1.0,738,0
700,1.0,1.0,738,0
3895,1.0,1.0,739,0
2175,1.0,1.0,739,0
1792,1.0,1.0,739,0
1700,1.0,1.0,739,0
1480,1.0,1.0,739,0
1450,1.0,1.0,739,0
1240,1.0,1.0,739,0
1220,1.0,1.0,739,0
1195,1.0,1.0,739,0
771,1.0,1.0,739,0
3869,1.0,1.0,740,0
2195,1.0,1.0,740,0
2038,3.0,1.0,740,2
1979,0.0,1.0,740,0
1929,1.0,1.0,740,0
1725,1.0,1.0,740,0
1610,1.0,1.0,740,0
1500,1.0,1.0,740,0
1461,1.0,1.0,740,0
1420,1.0,1.0,740,0
1400,1.0,1.0,740,0
1345,1.0,1.0,740,0
1190,1.0,1.0,740,0
1168,1.0,1.0,740,0
1145,1.0,1.0,740,0
1100,1.0,1.0,740,0
1095,1.0,1.0,740,0
1060,1.0,1.0,740,0
1020,1.0,1.0,740,0
1015,2.0,1.0,740,0
1015,1.0,1.0,740,0
1012,2.0,1.0,740,0
982,2.0,1.0,740,0
970,1.0,1.0,740,0
960,1.0,1.0,740,0
955,1.0,1.0,740,0
945,1.0,1.0,740,0
760,1.0,1.0,740,0
735,2.0,1.0,740,0
715,2.0,1.0,740,0
690,1.0,1.0,740,0
1686,1.0,1.0,741,0
1627,1.0,1.0,741,0
1392,1.0,1.0,741,0
1325,1.0,1.0,741,0
1273,1.0,1.0,741,0
1146,1.0,1.0,741,0
1110,1.0,1.0,741,0
865,1.0,1.0,741,0
3160,1.0,1.0,742,0
2295,1.0,1.0,742,0
1600,1.0,1.0,742,0
1440,1.0,1.0,742,0
1295,1.0,1.0,742,0
1199,1.0,1.0,742,0
1195,1.0,1.0,742,0
1147,1.0,1.0,742,0
1060,2.0,1.0,742,0
990,1.0,1.0,742,0
820,1.0,1.0,742,0
771,1.0,1.0,742,0
735,1.0,1.0,742,0
1710,1.0,1.0,743,0
1545,1.0,1.0,743,0
1543,1.0,1.0,743,0
1215,2.0,1.0,743,0
1140,1.0,1.0,743,0
901,1.0,1.0,743,0
775,1.0,1.0,743,0
1815,1.0,1.0,744,0
1625,1.0,1.0,744,0
1465,1.0,1.0,744,0
1399,2.0,1.0,744,0
1300,1.0,1.0,744,0
1287,1.0,1.0,744,0
1280,2.0,1.0,744,0
1268,1.0,1.0,744,0
1263,1.0,1.0,744,0
1223,1.0,1.0,744,0
1197,1.0,1.0,744,0
1187,1.0,1.0,744,0
833,2.0,1.0,744,0
784,1.0,1.0,744,0
2298,1.0,1.0,745,0
2055,1.0,1.0,745,0
1910,2.0,1.0,745,0
1559,2.0,1.0,745,0
1510,1.0,1.0,745,0
1495,1.0,1.0,745,0
1435,1.0,1.0,745,0
1035,1.0,1.0,745,0
1030,2.0,1.0,745,0
950,1.0,1.0,745,0
950,1.0,1.0,745,0
925,1.0,1.0,745,0
864,1.0,1.0,745,0
685,1.0,1.0,745,0
675,1.0,1.0,745,0
663,1.0,1.0,745,0
1665,1.0,1.0,746,0
1115,1.0,1.0,746,0
996,1.0,1.0,746,0
700,1.0,1.0,746,0
3000,1.0,1.0,747,0
2200,1.0,1.0,747,0
1576,1.0,1.0,747,0
1520,1.0,1.0,747,0
1344,1.0,1.0,747,0
1325,1.0,1.0,747,0
1125,1.0,1.0,747,0
1049,1.0,1.0,747,0
1014,1.0,1.0,747,0
820,1.0,1.0,747,0
795,1.0,1.0,747,0
2850,1.0,1.0,748,0
2791,1.0,1.0,748,0
2488,1.0,1.0,748,0
2357,1.0,1.0,748,0
2155,1.0,1.0,748,0
1905,1.0,1.0,748,0
1849,1.0,1.0,748,0
1849,1.0,1.0,748,0
1537,1.0,1.0,748,0
1501,1.0,1.0,748,0
1501,1.0,1.0,748,0
1501,1.0,1.0,748,0
1501,1.0,1.0,748,0
1184,1.0,1.0,748,0
1050,1.0,1.0,748,0
888,1.0,1.0,748,0
739,1.0,1.0,748,0
700,2.0,1.0,748,0
600,1.0,1.0,748,0
590,1.0,1.0,748,0
2450,2.0,1.0,749,0
1490,1.0,1.0,749,0
1430,1.0,1.0,749,0
1339,1.0,1.0,749,0
1300,1.0,1.0,749,0
1270,1.0,1.0,749,0
975,1.0,1.0,749,0
3825,1.0,1.0,750,0
3800,1.0,1.0,750,0
3440,1.0,1.0,750,0
2600,1.0,1.0,750,0
2595,1.0,1.0,750,0
2500,1.0,1.0,750,0
2500,2.0,1.0,750,0
2350,1.0,1.0,750,0
2300,1.0,1.0,750,0
2230,1.0,1.0,750,0
2150,2.0,1.0,750,0
2150,1.0,1.0,750,0
2000,1.0,1.0,750,0
1995,1.0,1.0,750,0
1895,1.0,1.0,750,0
1895,1.0,1.0,750,0
1860,1.0,1.0,750,0
1847,1.0,1.0,750,0
1825,1.0,1.0,750,0
1800,2.0,1.0,750,0
1800,1.0,1.0,750,0
1750,1.0,1.0,750,0
1743,1.0,1.0,750,0
1738,2.0,2.0,750,2
1708,1.0,1.0,750,0
1700,1.0,1.0,750,0
1695,2.0,1.0,750,0
1675,2.0,1.0,750,0
1650,3.0,1.0,750,0
1649,1.0,1.0,750,0
1645,1.0,1.0,750,0
1610,1.0,1.0,750,0
1606,1.0,1.0,750,0
1595,3.0,1.0,750,0
1555,1.0,1.0,750,0
1550,1.0,1.0,750,0
1530,1.0,1.0,750,0
1525,1.0,1.0,750,0
1500,1.0,1.0,750,0
1475,1.0,1.0,750,0
1475,1.0,1.0,750,0
1470,1.0,1.0,750,0
1421,1.0,1.0,750,0
1400,1.0,1.0,750,0
1397,1.0,1.0,750,0
1395,3.0,1.0,750,0
1375,1.0,1.0,750,0
1375,1.0,1.0,750,0
1345,2.0,1.0,750,0
1340,1.0,1.0,750,0
1329,1.0,1.0,750,0
1259,1.0,1.0,750,0
1255,1.0,1.0,750,0
1255,1.0,1.0,750,0
1249,1.0,1.0,750,0
1242,1.0,1.0,750,0
1242,1.0,1.0,750,0
1240,2.0,1.0,750,0
1225,1.0,1.0,750,0
1180,1.0,1.0,750,0
1160,1.0,1.0,750,0
1145,1.0,1.0,750,0
1145,1.0,1.0,750,0
1135,2.0,1.0,750,0
1125,1.0,1.0,750,0
1101,2.0,1.0,750,0
1085,1.0,1.0,750,0
1075,1.0,1.0,750,0
1060,1.0,1.0,750,0
1055,1.0,1.0,750,0
1035,1.0,2.0,750,0
999,1.0,1.0,750,0
995,1.0,1.0,750,0
989,1.0,1.0,750,0
989,1.0,1.0,750,0
987,2.0,1.0,750,0
982,2.0,1.0,750,0
980,2.0,1.0,750,0
969,1.0,1.0,750,0
965,1.0,1.0,750,0
955,1.0,1.0,750,0
950,2.0,1.0,750,0
950,1.0,1.0,750,0
930,1.0,1.0,750,0
928,2.0,1.0,750,0
925,1.0,1.0,750,0
925,1.0,1.0,750,0
922,2.0,1.0,750,0
920,2.0,1.0,750,0
915,1.0,1.0,750,0
900,1.0,1.0,750,0
900,2.0,1.0,750,0
895,1.0,1.0,750,0
895,1.0,1.0,750,0
884,1.0,1.0,750,0
880,1.0,1.0,750,0
875,1.0,1.0,750,0
850,1.0,1.0,750,0
829,1.0,1.0,750,0
820,1.0,1.0,750,0
818,2.0,1.0,750,0
814,1.0,1.0,750,0
810,2.0,1.0,750,0
810,1.0,1.0,750,0
800,2.0,1.0,750,0
780,1.0,1.0,750,0
780,1.0,1.0,750,0
779,1.0,1.0,750,0
779,1.0,1.0,750,0
775,2.0,1.0,750,0
761,1.0,1.0,750,0
750,1.0,1.0,750,0
750,2.0,1.0,750,0
750,1.0,1.0,750,0
740,1.0,1.0,750,0
730,1.0,1.0,750,0
725,1.0,1.0,750,0
719,1.0,1.0,750,0
700,2.0,1.0,750,0
695,1.0,1.0,750,0
690,1.0,1.0,750,0
685,1.0,1.0,750,0
679,1.0,1.0,750,0
675,1.0,1.0,750,0
675,2.0,1.0,750,0
650,1.0,1.0,750,0
635,1.0,1.0,750,0
625,2.0,1.0,750,0
622,1.0,1.0,750,0
620,1.0,1.0,750,0
615,2.0,1.0,750,0
606,1.0,1.0,750,0
595,2.0,1.0,750,0
575,1.0,1.0,750,0
560,2.0,1.0,750,0
550,2.0,1.0,750,0
548,2.0,1.0,750,0
525,2.0,1.0,750,0
505,1.0,1.0,750,0
2607,1.0,1.0,751,0
2102,1.0,1.0,751,0
2027,1.0,1.0,751,0
1321,1.0,1.0,751,0
1314,1.0,1.0,751,0
1305,1.0,1.0,751,0
1270,1.0,1.0,751,0
1270,1.0,1.0,751,0
1048,1.0,1.0,751,0
1045,1.0,1.0,751,0
1032,1.0,1.0,751,0
945,1.0,1.0,751,0
918,1.0,1.0,751,0
905,1.0,1.0,751,0
900,1.0,1.0,751,0
779,1.0,1.0,751,0
530,1.0,1.0,751,0
2620,1.0,1.0,752,0
1976,1.0,1.0,752,0
1720,1.0,1.0,752,0
1674,1.0,1.0,752,0
1380,1.0,1.0,752,0
1295,1.0,1.0,752,0
1250,1.0,1.0,752,0
1166,1.0,1.0,752,0
1165,1.0,1.0,752,0
1110,1.0,1.0,752,0
1049,1.0,1.0,752,0
984,1.0,1.0,752,0
960,2.0,1.0,752,0
953,1.0,1.0,752,0
953,1.0,1.0,752,0
937,1.0,1.0,752,0
1680,1.0,1.0,753,0
1565,1.0,1.0,753,0
1405,1.0,1.0,753,0
1175,1.0,1.0,753,0
917,1.0,1.0,753,0
915,1.0,1.0,753,0
800,1.0,1.0,753,0
680,1.0,1.0,753,0
2995,1.0,1.0,754,0
2164,1.0,1.0,754,0
1434,1.0,1.0,754,0
1361,1.0,1.0,754,0
1085,1.0,1.0,754,0
951,2.0,1.0,754,0
931,1.0,1.0,754,0
890,1.0,1.0,754,0
833,1.0,1.0,754,0
720,1.0,1.0,754,0
2600,1.0,1.0,755,0
2570,1.0,1.0,755,0
1695,1.0,1.0,755,0
1655,1.0,1.0,755,0
1375,1.0,1.0,755,0
1195,1.0,1.0,755,0
1164,1.0,1.0,755,0
1075,1.0,1.0,755,0
1066,1.0,1.0,755,0
750,1.0,1.0,755,0
716,1.0,1.0,755,0
639,1.0,1.0,755,0
2445,1.0,1.0,756,0
1634,1.0,1.0,756,0
1630,0.0,1.0,756,0
1495,2.0,1.0,756,0
1464,1.0,1.0,756,0
1225,1.0,1.0,756,0
1200,1.0,1.0,756,0
1195,1.0,1.0,756,0
1120,1.0,1.0,756,0
995,1.0,1.0,756,0
705,1.0,1.0,756,0
1962,1.0,1.0,757,0
1925,1.0,1.0,757,0
1408,1.0,1.0,757,0
1242,1.0,1.0,757,0
1202,1.0,1.0,757,0
895,1.0,1.0,757,0
880,1.0,1.5,757,0
565,1.0,1.0,757,0
2850,2.0,1.0,758,0
1719,1.0,1.0,758,0
1667,1.0,1.0,758,0
1650,1.0,1.0,758,0
1200,1.0,1.0,758,0
1181,1.0,1.0,758,0
1000,2.0,1.0,758,0
949,1.0,1.0,758,0
800,1.0,1.0,758,0
734,1.0,1.0,758,0
675,2.0,1.0,758,0
630,1.0,1.0,758,0
2450,1.0,1.0,759,0
2053,1.0,1.0,759,0
2050,1.0,1.0,759,0
1705,1.0,1.0,759,0
1190,1.0,1.0,759,0
1150,1.0,1.0,759,0
1141,1.0,1.0,759,0
1120,1.0,1.0,759,0
1059,1.0,1.0,759,0
1029,1.0,1.0,759,0
877,1.0,1.0,759,0
739,1.0,1.0,759,0
675,2.0,1.0,759,0
670,1.0,1.0,759,0
5000,0.0,1.0,760,0
2240,1.0,1.0,760,0
1915,1.0,1.0,760,0
1850,2.0,1.0,760,0
1595,1.0,1.0,760,0
1565,1.0,1.0,760,0
1475,1.0,1.0,760,0
1443,1.0,1.5,760,0
1406,2.0,1.0,760,0
1320,3.0,1.0,760,0
1300,1.0,1.0,760,0
1175,1.0,1.0,760,0
1175,1.0,1.0,760,0
1170,1.0,1.0,760,0
1050,3.0,1.0,760,0
975,1.0,1.0,760,0
966,1.0,1.0,760,0
960,1.0,1.0,760,0
890,2.0,1.0,760,0
813,1.0,1.0,760,0
800,1.0,1.0,760,0
774,1.0,1.0,760,0
744,1.0,1.0,760,0
695,1.0,1.0,760,0
660,2.0,1.0,760,0
630,2.0,1.0,760,0
2375,1.0,1.0,761,0
2220,1.0,1.0,761,0
1750,2.0,2.0,761,2
1725,1.0,1.0,761,0
1228,1.0,1.0,761,0
1150,1.0,1.0,761,0
1751,0.0,1.0,762,0
1551,1.0,1.0,762,0
1495,1.0,1.0,762,0
1400,1.0,1.0,762,0
1314,1.0,1.0,762,0
3733,1.0,1.0,763,0
3160,2.0,1.0,763,0
3135,1.0,1.0,763,0
1455,1.0,1.0,763,0
1190,1.0,1.0,763,0
1190,1.0,1.0,763,0
1055,1.0,1.0,763,0
1027,1.0,1.0,763,0
2199,2.0,2.0,764,2
1349,1.0,1.0,764,0
1309,1.0,1.0,764,0
920,1.0,1.0,764,0
725,1.0,1.0,764,0
2935,1.0,1.0,765,0
2626,2.0,1.0,765,0
1425,1.0,1.0,765,0
1380,1.0,1.0,765,0
1380,1.0,1.0,765,0
1320,1.0,1.0,765,0
1225,1.0,1.0,765,0
1205,1.0,1.0,765,0
1180,1.0,1.0,765,0
1175,2.0,1.0,765,0
1016,1.0,1.0,765,0
925,1.0,1.0,765,0
858,2.0,2.0,765,2
369,1.0,1.0,765,0
2240,1.0,1.0,766,0
1695,1.0,1.0,766,0
1135,1.0,1.0,766,0
1035,1.0,1.0,766,0
925,1.0,1.0,766,0
640,1.0,1.0,766,0
288,1.0,1.0,766,0
1640,1.0,1.0,767,0
1617,1.0,1.0,767,0
1599,2.0,1.0,767,0
1264,1.0,1.0,767,0
1161,1.0,1.0,767,0
1019,1.0,1.0,767,0
810,1.0,1.0,767,0
795,1.0,1.0,767,0
636,1.0,1.0,767,0
3294,1.0,1.0,768,0
1409,1.0,1.0,768,0
1407,1.0,1.0,768,0
1400,1.0,1.0,768,0
1150,1.0,1.0,768,0
1149,1.0,1.0,768,0
1085,1.0,1.0,768,0
915,1.0,1.0,768,0
850,1.0,1.0,768,0
750,1.0,1.0,768,0
4500,1.0,1.0,769,0
3595,1.0,1.0,769,0
1250,1.0,1.0,769,0
1113,1.0,1.0,769,0
1033,1.0,1.0,769,0
894,1.0,1.0,769,0
2600,1.0,1.0,770,0
1750,1.0,1.0,770,0
1745,1.0,1.0,770,0
1632,1.0,1.0,770,0
1475,1.0,1.0,770,0
1455,2.0,1.0,770,0
1425,1.0,1.0,770,0
1380,1.0,1.0,770,0
1325,1.0,1.0,770,0
1271,1.0,1.0,770,0
1250,2.0,1.0,770,0
1190,1.0,1.0,770,0
1185,1.0,1.0,770,0
1185,1.0,1.0,770,0
1025,2.0,1.0,770,0
931,1.0,1.0,770,0
905,1.0,1.0,770,0
850,1.0,1.0,770,0
845,2.0,1.0,770,0
783,2.0,1.0,770,0
750,1.0,1.0,770,0
750,1.0,1.0,770,0
675,2.0,1.0,770,0
650,1.0,1.0,770,0
625,1.0,1.0,770,0
2490,1.0,1.0,771,0
1565,1.0,1.0,771,0
1035,1.0,1.0,771,0
1005,1.0,1.0,771,0
975,1.0,1.0,771,0
2173,1.0,1.0,772,0
1967,1.0,1.0,772,0
1964,1.0,1.0,772,0
1420,1.0,1.0,772,0
1390,1.0,1.0,772,0
1259,1.0,1.0,772,0
1220,1.0,1.0,772,0
1025,1.0,1.0,772,0
993,1.0,1.0,772,0
1595,1.0,1.0,773,0
1515,1.0,1.0,773,0
1515,1.0,1.0,773,0
1090,1.0,1.0,773,0
975,1.0,1.0,773,0
955,1.0,1.0,773,0
945,2.0,2.0,773,2
2564,1.0,1.0,774,0
2207,1.0,1.0,774,0
1960,2.0,2.0,774,2
1365,1.0,1.0,774,0
1310,1.0,1.0,774,0
1300,1.0,1.0,774,0
1127,1.0,1.0,774,0
1125,1.0,1.0,774,0
1050,1.0,1.0,774,0
1010,1.0,1.0,774,0
959,1.0,1.0,774,0
850,1.0,1.0,774,0
739,2.0,2.0,774,2
3900,2.0,1.0,775,0
2250,1.0,1.0,775,0
1982,1.0,1.0,775,0
1745,2.0,1.0,775,0
1570,1.0,1.0,775,0
1399,1.0,1.0,775,0
1386,2.0,1.0,775,0
1299,1.0,1.0,775,0
1260,2.0,2.0,775,2
1204,2.0,1.0,775,0
1181,1.0,1.0,775,0
1120,1.0,1.0,775,0
1050,2.0,1.0,775,0
1050,1.0,1.0,775,0
1039,1.0,1.0,775,0
1000,1.0,1.0,775,0
999,1.0,1.0,775,0
999,1.0,1.0,775,0
989,1.0,1.0,775,0
960,2.0,1.0,775,0
875,1.0,1.0,775,0
850,2.0,1.0,775,0
840,1.0,1.0,775,0
814,1.0,1.0,775,0
780,2.0,1.0,775,0
698,1.0,1.0,775,0
2707,1.0,1.0,776,0
1822,1.0,1.0,776,0
1526,1.0,1.0,776,0
1497,1.0,1.0,776,0
1438,1.0,1.0,776,0
1416,1.0,1.0,776,0
1400,1.0,1.0,776,0
1269,1.0,1.0,776,0
1249,1.0,1.0,776,0
1225,1.0,1.0,776,0
1130,2.0,1.0,776,0
1100,1.0,1.0,776,0
835,1.0,1.0,776,0
805,1.0,1.0,776,0
2221,1.0,1.0,777,0
2100,1.0,1.0,777,0
2000,1.0,1.0,777,0
1913,1.0,1.0,777,0
1554,1.0,1.0,777,0
1447,1.0,1.0,777,0
1019,1.0,1.0,777,0
850,1.0,1.0,777,0
835,2.0,1.0,777,0
820,1.0,1.0,777,0
720,1.0,1.0,777,0
1435,1.0,1.0,778,0
1120,1.0,1.0,778,0
1109,1.0,1.0,778,0
2595,2.0,1.0,779,0
2123,1.0,1.0,779,0
2123,1.0,1.0,779,0
1907,1.0,1.0,779,0
1691,1.0,1.0,779,0
1610,1.0,1.0,779,0
1222,1.0,1.0,779,0
1068,1.0,1.0,779,0
3950,1.0,1.0,780,0
2170,1.0,1.0,780,0
2150,2.0,1.0,780,0
2050,1.0,1.0,780,0
1700,2.0,1.0,780,0
1652,1.0,1.0,780,0
1605,1.0,1.0,780,0
1581,1.0,1.0,780,0
1421,1.0,1.0,780,0
1356,1.0,1.0,780,0
1315,1.0,1.0,780,0
1295,2.0,1.0,780,0
1245,1.0,1.0,780,0
1190,1.0,1.0,780,0
1161,1.0,1.0,780,0
1149,1.0,1.0,780,0
1138,2.0,2.0,780,2
1089,1.0,1.0,780,0
1060,2.0,1.0,780,0
1030,1.0,1.0,780,0
1017,1.0,1.0,780,0
990,1.0,1.0,780,0
970,1.0,1.0,780,0
950,2.0,1.0,780,0
855,1.0,1.0,780,0
848,1.0,1.0,780,0
821,1.0,1.0,780,0
784,2.0,1.0,780,0
780,1.0,1.0,780,0
755,1.0,1.0,780,0
740,2.0,1.0,780,0
695,2.0,1.0,780,0
695,2.0,1.0,780,0
661,1.0,1.0,780,0
550,2.0,1.0,780,0
1754,1.0,1.0,781,0
1450,1.0,1.0,781,0
1440,1.0,1.0,781,0
1068,1.0,1.0,781,0
919,1.0,1.0,781,0
765,1.0,1.0,781,0
3702,1.0,1.0,782,0
2385,1.0,1.0,782,0
2015,1.0,1.0,782,0
1385,1.0,1.0,782,0
1374,1.0,1.0,782,0
1290,1.0,1.0,782,0
1225,1.0,1.0,782,0
1199,1.0,1.0,782,0
1100,2.0,1.0,782,0
1100,1.0,1.0,782,0
925,1.0,1.0,782,0
860,1.0,1.0,782,0
2505,1.0,1.0,783,0
2245,2.0,1.0,783,0
2225,1.0,1.0,783,0
2220,1.0,1.0,783,0
1744,1.0,1.0,783,0
1395,1.0,1.0,783,0
980,1.0,1.0,783,0
899,1.0,1.0,783,0
677,1.0,1.0,783,0
650,2.0,2.0,783,2
2497,2.0,1.0,784,0
1450,1.0,1.0,784,0
1400,1.0,1.0,784,0
1400,1.0,1.0,784,0
1350,1.0,1.0,784,0
1245,1.0,1.0,784,0
1203,1.0,1.0,784,0
1190,1.0,1.0,784,0
1185,1.0,1.0,784,0
1108,1.0,1.0,784,0
1100,1.0,1.0,784,0
1073,1.0,1.0,784,0
1050,1.0,1.0,784,0
1050,1.0,1.0,784,0
1050,1.0,1.0,784,0
1020,1.0,1.0,784,0
950,1.0,1.0,784,0
885,1.0,1.0,784,0
870,1.0,1.0,784,0
850,2.0,1.0,784,0
690,2.0,1.0,784,0
585,2.0,1.0,784,0
1985,1.0,1.0,785,0
1945,1.0,1.0,785,0
1850,1.0,1.0,785,0
1764,1.0,1.0,785,0
1570,1.0,1.0,785,0
1475,1.0,1.0,785,0
1350,1.0,1.0,785,0
1199,1.0,1.0,785,0
1148,1.0,1.0,785,0
998,1.0,1.0,785,0
973,1.0,1.0,785,0
949,1.0,1.0,785,0
900,2.0,1.0,785,0
812,1.0,1.0,785,0
700,1.0,1.0,785,0
4050,1.0,1.5,786,0
3473,1.0,1.0,786,0
1875,2.0,1.0,786,0
1681,1.0,1.0,786,0
1500,1.0,1.0,786,0
1366,1.0,1.0,786,0
1285,1.0,1.0,786,0
1255,1.0,1.0,786,0
763,2.0,1.0,786,0
733,1.0,1.0,786,0
1495,2.0,1.0,787,0
1225,1.0,1.0,787,0
1159,1.0,1.0,787,0
1055,1.0,1.0,787,0
1022,1.0,1.0,787,0
947,1.0,1.0,787,0
1650,1.0,1.0,788,0
1634,1.0,1.0,788,0
1457,1.0,1.0,788,0
1273,1.0,1.0,788,0
1250,1.0,1.0,788,0
897,1.0,1.0,788,0
887,1.0,1.0,788,0
872,1.0,1.0,788,0
865,1.0,1.0,788,0
685,2.0,1.0,788,0
2290,1.0,1.0,789,0
1650,2.0,2.0,789,2
1255,1.0,1.0,789,0
1245,1.0,1.0,789,0
1035,2.0,1.0,789,0
919,1.0,1.0,789,0
909,1.0,1.0,789,0
895,2.0,2.0,789,2
889,1.0,1.0,789,0
874,1.0,1.0,789,0
809,1.0,1.0,789,0
730,1.0,1.0,789,0
2285,1.0,1.0,790,0
1999,2.0,1.0,790,0
1850,2.0,1.0,790,0
1525,1.0,1.0,790,0
1500,1.0,1.0,790,0
1470,1.0,1.0,790,0
1399,1.0,1.0,790,0
1359,1.0,1.0,790,0
1319,1.0,1.0,790,0
1316,1.0,1.0,790,0
1280,1.0,1.0,790,0
1250,1.0,1.0,790,0
1250,1.0,1.0,790,0
1219,1.0,1.0,790,0
1095,1.0,1.0,790,0
1055,1.0,1.0,790,0
1045,1.0,1.0,790,0
955,1.0,1.0,790,0
860,1.0,1.0,790,0
845,1.0,1.0,790,0
800,1.0,1.0,790,0
725,1.0,1.0,790,0
719,1.0,1.0,790,0
625,1.0,1.0,790,0
575,1.0,1.0,790,0
1930,2.0,2.0,791,2
1370,2.0,1.0,791,0
1190,1.0,1.0,791,0
1075,1.0,1.5,791,0
989,1.0,1.0,791,0
780,1.0,1.0,791,0
700,1.0,1.0,791,0
3047,1.0,1.0,792,0
2552,1.0,1.0,792,0
2084,3.0,2.0,792,2
1612,2.0,2.0,792,2
1401,1.0,1.0,792,0
1365,1.0,1.0,792,0
1130,1.0,1.0,792,0
980,1.0,1.0,792,0
954,1.0,1.0,792,0
944,1.0,1.0,792,0
925,1.0,1.0,792,0
795,2.0,1.0,792,0
740,2.0,1.0,792,0
695,2.0,1.0,792,0
595,2.0,1.0,792,0
545,1.0,1.0,792,0
3567,0.0,1.0,793,0
1333,1.0,1.0,793,0
959,1.0,1.0,793,0
760,2.0,1.0,793,0
2990,1.0,1.0,794,0
1999,1.0,1.0,794,0
1796,2.0,1.0,794,0
1530,1.0,1.0,794,0
1430,1.0,1.0,794,0
1070,1.0,1.0,794,0
1018,1.0,1.0,794,0
995,1.0,1.0,794,0
2470,1.0,1.0,795,0
2050,2.0,2.0,795,2
1370,1.0,1.0,795,0
1355,1.0,1.0,795,0
1217,2.0,1.0,795,0
1100,1.0,1.0,795,0
1010,1.0,1.0,795,0
1007,1.0,1.0,795,0
999,1.0,1.0,795,0
750,2.0,1.0,795,0
1775,1.0,1.0,796,0
1463,1.0,1.0,796,0
1440,1.0,1.0,796,0
1395,1.0,1.0,796,0
1330,2.0,2.0,796,2
1205,1.0,1.0,796,0
1115,2.0,1.0,796,0
1060,1.0,1.0,796,0
945,2.0,1.0,796,0
894,1.0,1.0,796,0
2914,1.0,1.0,797,0
1610,1.0,1.0,797,0
1522,1.0,1.0,797,0
1483,1.0,1.0,797,0
1380,1.0,1.0,797,0
1346,1.0,1.0,797,0
1247,1.0,1.0,797,0
1202,1.0,1.0,797,0
1003,1.0,1.0,797,0
980,1.0,1.0,797,0
940,1.0,1.0,797,0
890,1.0,1.0,797,0
880,1.0,1.0,797,0
825,1.0,1.0,797,0
2355,1.0,1.0,798,0
2095,1.0,1.0,798,0
1955,1.0,1.0,798,0
1240,1.0,1.0,798,0
935,1.0,1.0,798,0
845,1.0,1.0,798,0
750,2.0,1.0,798,0
1299,1.0,1.0,799,0
1064,1.0,1.0,799,0
1039,1.0,1.0,799,0
2875,1.0,1.0,800,0
2700,1.0,1.5,800,0
2655,1.0,1.0,800,0
2600,1.0,1.0,800,0
2560,1.0,1.0,800,0
2550,1.0,1.0,800,0
2300,1.0,1.0,800,0
2221,1.0,1.0,800,0
2205,1.0,1.0,800,0
2195,2.0,1.0,800,0
2105,2.0,1.0,800,0
2000,2.0,2.0,800,2
1995,2.0,1.5,800,2
1995,1.0,1.0,800,0
1995,1.0,1.0,800,0
1975,2.0,1.5,800,2
1975,2.0,1.0,800,0
1950,2.0,1.0,800,0
1918,1.0,1.0,800,0
1900,2.0,1.5,800,2
1885,2.0,1.0,800,0
1825,1.0,1.0,800,0
1795,1.0,1.0,800,0
1795,1.0,1.0,800,0
1795,2.0,1.0,800,0
1785,1.0,1.0,800,0
1750,1.0,1.5,800,0
1750,1.0,1.0,800,0
1750,2.0,1.5,800,0
1719,1.0,1.0,800,0
1700,2.0,1.0,800,0
1699,1.0,1.0,800,0
1695,1.0,1.0,800,0
1675,2.0,1.0,800,0
1657,1.0,1.0,800,0
1600,2.0,1.0,800,0
1600,1.0,1.0,800,0
1599,2.0,1.0,800,0
1595,1.0,1.0,800,0
1595,2.0,1.0,800,0
1585,2.0,1.0,800,0
1575,2.0,2.0,800,2
1555,1.0,1.0,800,0
1550,2.0,1.0,800,0
1550,2.0,1.0,800,0
1486,2.0,1.0,800,0
1470,2.0,1.0,800,0
1465,2.0,1.0,800,0
1450,2.0,1.0,800,0
1427,1.0,1.0,800,0
1425,2.0,1.0,800,0
1400,1.0,1.0,800,0
1400,1.0,1.0,800,0
1375,1.0,1.0,800,0
1365,1.0,1.0,800,0
1365,2.0,1.0,800,0
1360,1.0,1.0,800,0
1350,1.0,1.0,800,0
1314,1.0,1.0,800,0
1300,2.0,1.0,800,0
1300,1.0,1.0,800,0
1295,1.0,2.0,800,0
1269,2.0,1.0,800,0
1264,2.0,1.0,800,0
1250,1.0,1.0,800,0
1250,1.0,1.0,800,0
1250,2.0,1.0,800,0
1245,1.0,1.0,800,0
1225,1.0,1.0,800,0
1219,1.0,1.0,800,0
1199,1.0,1.0,800,0
1195,2.0,1.0,800,0
1194,2.0,2.5,800,2
1185,1.0,1.0,800,0
1185,1.0,1.0,800,0
1150,0.0,1.0,800,0
1139,1.0,1.0,800,0
1125,1.0,1.0,800,0
1100,2.0,1.0,800,0
1100,2.0,1.0,800,0
1070,1.0,1.0,800,0
1065,1.0,1.0,800,0
1050,1.0,1.0,800,0
1049,2.0,1.0,800,0
1030,2.0,1.0,800,0
1030,1.0,1.0,800,0
1025,2.0,1.0,800,0
1025,2.0,1.0,800,0
1025,1.0,1.0,800,0
1015,2.0,1.0,800,0
1000,2.0,1.0,800,0
999,2.0,1.0,800,0
999,2.0,1.0,800,0
990,1.0,1.0,800,0
982,2.0,1.0,800,0
979,1.0,1.0,800,0
960,2.0,1.0,800,0
960,1.0,1.0,800,0
959,1.0,1.0,800,0
950,1.0,1.0,800,0
950,2.0,1.0,800,0
950,2.0,1.0,800,0
950,2.0,1.0,800,0
940,1.0,1.0,800,0
925,1.0,1.0,800,0
925,2.0,1.0,800,0
915,2.0,1.0,800,0
900,2.0,1.0,800,0
900,1.0,1.0,800,0
895,1.0,1.0,800,0
895,2.0,1.0,800,0
892,1.0,1.0,800,0
879,1.0,1.0,800,0
875,2.0,1.0,800,0
875,2.0,1.0,800,0
855,1.0,1.0,800,0
854,1.0,1.0,800,0
850,2.0,2.0,800,2
850,1.0,1.0,800,0
845,1.0,1.0,800,0
845,1.0,1.0,800,0
825,2.0,1.0,800,0
815,1.0,1.0,800,0
800,2.0,1.0,800,0
800,2.0,1.0,800,0
795,1.0,1.0,800,0
790,1.0,1.0,800,0
775,2.0,1.0,800,0
775,1.0,1.0,800,0
750,2.0,1.0,800,0
750,1.0,1.0,800,0
750,2.0,1.0,800,0
750,1.0,1.0,800,0
749,2.0,1.0,800,0
745,2.0,1.0,800,0
729,1.0,1.0,800,0
725,2.0,1.0,800,0
725,2.0,1.0,800,0
725,2.0,2.0,800,2
725,1.0,1.0,800,0
720,3.0,1.0,800,0
720,2.0,1.0,800,0
700,1.0,1.0,800,0
700,1.0,1.0,800,0
695,2.0,1.0,800,0
675,1.0,1.0,800,0
675,2.0,1.0,800,0
675,2.0,1.0,800,0
675,2.0,1.0,800,0
660,2.0,1.0,800,0
660,2.0,1.0,800,0
650,2.0,1.0,800,0
650,2.0,1.5,800,0
630,2.0,1.0,800,0
629,2.0,1.0,800,0
625,2.0,1.0,800,0
625,2.0,1.0,800,0
580,1.0,1.0,800,0
555,1.0,1.0,800,0
550,1.0,1.0,800,0
475,1.0,1.0,800,0
910,1.0,1.0,801,0
830,1.0,1.0,801,0
760,2.0,1.0,801,0
632,2.0,1.0,801,0
2816,1.0,1.0,802,0
1824,1.0,1.0,802,0
1695,2.0,1.0,802,0
1656,1.0,1.0,802,0
1365,3.0,1.0,802,0
1280,1.0,1.0,802,0
1065,1.0,1.0,802,0
985,1.0,1.0,802,0
985,1.0,1.0,802,0
975,1.0,1.0,802,0
949,1.0,1.0,802,0
695,1.0,1.0,802,0
1795,1.0,1.0,803,0
1475,1.0,1.0,803,0
1325,2.0,2.0,803,2
1180,2.0,1.0,803,0
1175,1.0,1.0,803,0
1079,1.0,1.0,803,0
1025,2.0,1.0,803,0
1025,2.0,1.0,803,0
1025,2.0,1.0,803,0
899,1.0,1.0,803,0
2145,1.0,1.0,804,0
1850,1.0,1.0,804,0
1415,1.0,1.0,804,0
1358,2.0,1.0,804,0
1318,2.0,1.0,804,0
1235,1.0,1.0,804,0
725,2.0,1.0,804,0
600,2.0,1.0,804,0
1860,1.0,1.0,805,0
1730,1.0,1.0,805,0
1730,1.0,1.0,805,0
1710,1.0,1.0,805,0
1545,1.0,1.0,805,0
1394,1.0,1.0,805,0
1322,1.0,1.0,805,0
1025,2.0,1.0,805,0
975,1.0,1.0,805,0
563,2.0,1.5,805,0
2338,1.0,1.0,806,0
2249,1.0,1.0,806,0
1500,1.0,1.0,806,0
1400,1.0,1.0,806,0
1110,1.0,1.0,806,0
940,1.0,1.0,806,0
939,1.0,1.0,806,0
650,2.0,1.0,806,0
595,2.0,1.0,806,0
1110,1.0,1.0,807,0
1095,1.0,1.0,807,0
2457,1.0,1.0,808,0
1649,1.0,1.0,808,0
1325,2.0,1.0,808,0
1295,1.0,1.0,808,0
1205,1.0,1.0,808,0
1080,1.0,1.0,808,0
1055,1.0,1.0,808,0
953,1.0,1.0,808,0
830,1.0,1.0,808,0
820,2.0,1.0,808,0
400,3.0,2.0,808,2
5525,1.0,1.0,809,0
2195,1.0,1.0,809,0
1247,1.0,1.0,809,0
919,1.0,1.0,809,0
911,1.0,1.0,809,0
845,1.0,1.0,809,0
830,1.0,1.0,809,0
3010,2.0,1.0,810,0
2095,1.0,1.0,810,0
1900,1.0,1.0,810,0
1795,1.0,1.0,810,0
1550,2.0,1.0,810,0
1515,2.0,1.0,810,0
1425,1.0,1.0,810,0
1278,2.0,1.0,810,0
1200,1.0,1.0,810,0
1150,1.0,1.0,810,0
855,1.0,1.0,810,0
825,2.0,2.0,810,2
774,2.0,1.0,810,0
758,1.0,1.0,810,0
731,1.0,1.0,810,0
725,2.0,1.0,810,0
702,2.0,1.0,810,0
700,2.0,1.0,810,0
1315,1.0,1.0,811,0
1155,1.0,1.0,811,0
975,1.0,1.0,811,0
958,2.0,1.0,811,0
925,1.0,1.0,811,0
909,2.0,1.0,811,0
600,3.0,1.0,811,0
1650,2.0,1.0,812,0
1595,3.0,1.0,812,2
1277,1.0,1.0,812,0
1146,1.0,1.0,812,0
1100,2.0,1.5,812,0
1025,2.0,1.0,812,0
1025,1.0,1.0,812,0
999,1.0,1.0,812,0
895,2.0,1.0,812,0
891,1.0,1.0,812,0
835,1.0,1.0,812,0
1365,1.0,1.0,813,0
1328,1.0,1.0,813,0
815,1.0,1.0,813,0
1650,1.0,1.0,814,0
1595,1.0,1.0,814,0
1240,1.0,1.0,814,0
1015,1.0,1.0,814,0
995,1.0,1.0,814,0
700,2.0,1.0,814,0
2595,1.0,1.0,815,0
2585,1.0,1.0,815,0
1799,2.0,1.0,815,0
1570,1.0,1.0,815,0
1415,1.0,1.0,815,0
1000,2.0,1.5,815,0
919,1.0,1.0,815,0
639,2.0,1.0,815,0
539,2.0,1.0,815,0
2195,2.0,1.0,816,0
1555,1.0,1.0,816,0
1195,2.0,1.0,816,0
1150,2.0,1.0,816,0
1048,1.0,1.0,816,0
875,2.0,1.0,816,0
745,2.0,1.0,816,0
1799,1.0,1.0,817,0
1595,3.0,2.0,817,2
1195,1.0,1.0,817,0
1025,2.0,1.0,817,0
935,1.0,1.0,817,0
2148,1.0,1.0,818,0
1733,1.0,1.0,818,0
1638,1.0,1.0,818,0
1631,1.0,1.0,818,0
1400,1.0,1.0,818,0
1178,1.0,1.0,818,0
959,1.0,1.0,818,0
4300,1.0,1.0,819,0
3525,1.0,1.0,819,0
2900,0.0,1.0,819,0
2580,1.0,1.0,819,0
1735,1.0,1.0,819,0
1401,1.0,1.0,819,0
1400,2.0,1.0,819,0
1250,2.0,1.0,819,0
1185,1.0,1.0,819,0
1103,1.0,1.0,819,0
1005,1.0,1.0,819,0
990,3.0,1.0,819,0
2048,1.0,1.0,820,0
1900,2.0,1.0,820,0
1900,1.0,1.0,820,0
1840,1.0,1.0,820,0
1733,1.0,1.0,820,0
1700,1.0,1.0,820,0
1685,2.0,1.0,820,0
1663,3.0,1.0,820,2
1600,2.0,1.0,820,0
1549,2.0,1.0,820,0
1456,2.0,1.0,820,0
1455,2.0,1.0,820,0
1373,1.0,1.0,820,0
1370,1.0,1.0,820,0
1315,1.0,1.0,820,0
1225,1.0,1.0,820,0
1220,2.0,1.0,820,0
1215,1.0,1.0,820,0
1202,1.0,1.0,820,0
1177,1.0,1.0,820,0
1115,1.0,1.0,820,0
1115,1.0,1.0,820,0
1025,1.0,1.0,820,0
1022,1.0,1.0,820,0
1015,1.0,1.0,820,0
873,1.0,1.0,820,0
835,1.0,1.0,820,0
835,1.0,1.0,820,0
775,1.0,1.0,820,0
735,2.0,1.0,820,0
625,2.0,1.0,820,0
585,1.0,1.0,820,0
1695,1.0,1.0,821,0
910,1.0,1.0,821,0
650,2.0,1.0,821,0
1870,1.0,1.0,822,0
1795,2.0,1.0,822,0
975,2.0,1.0,822,0
880,1.0,1.0,822,0
800,1.0,1.0,822,0
2560,1.0,1.0,823,0
1575,1.0,1.0,823,0
1560,1.0,1.0,823,0
1280,2.0,1.0,823,0
1169,1.0,1.0,823,0
1159,1.0,1.0,823,0
1100,2.0,2.0,823,2
2035,1.0,1.0,824,0
1840,2.0,1.0,824,0
1736,3.0,2.0,824,2
1549,1.0,1.0,824,0
1405,1.0,1.0,824,0
1150,1.0,1.0,824,0
1070,1.0,1.0,824,0
1005,2.0,1.0,824,0
995,2.0,1.0,824,0
600,1.0,1.0,824,0
2475,2.0,1.0,825,0
2199,1.0,1.0,825,0
2125,1.0,1.0,825,0
1895,2.0,1.0,825,0
1800,1.0,1.0,825,0
1645,1.0,1.0,825,0
1600,2.0,2.0,825,2
1587,1.0,1.0,825,0
1550,2.0,1.0,825,0
1549,2.0,1.0,825,0
1525,2.0,1.0,825,0
1495,1.0,1.0,825,0
1436,1.0,1.0,825,0
1425,1.0,1.0,825,0
1400,1.0,1.0,825,0
1376,1.0,1.0,825,0
1346,1.0,1.0,825,0
1265,2.0,1.0,825,0
1185,2.0,1.0,825,0
1015,2.0,1.0,825,0
1005,1.0,1.5,825,0
985,2.0,1.0,825,0
955,2.0,1.5,825,0
925,1.0,1.0,825,0
875,2.0,1.0,825,0
850,1.0,1.0,825,0
825,2.0,1.0,825,0
775,1.0,1.0,825,0
710,2.0,1.0,825,0
700,2.0,1.0,825,0
615,2.0,1.0,825,0
1899,1.0,1.0,826,0
1450,1.0,1.0,826,0
1300,1.0,1.0,826,0
1275,1.0,1.0,826,0
1009,1.0,1.0,826,0
950,1.0,1.0,826,0
900,1.0,1.0,826,0
2895,1.0,1.0,827,0
1700,1.0,1.0,827,0
1650,1.0,1.0,827,0
1315,1.0,1.0,827,0
1191,1.0,1.0,827,0
976,1.0,1.0,827,0
964,1.0,1.0,827,0
958,1.0,1.0,827,0
2290,1.0,1.0,828,0
1800,1.0,1.0,828,0
1688,1.0,1.0,828,0
1568,2.0,2.0,828,2
1395,1.0,1.0,828,0
1250,1.0,1.0,828,0
1220,1.0,1.0,828,0
1070,1.0,1.0,828,0
635,2.0,2.0,828,2
625,2.0,1.0,828,0
2870,1.0,1.0,829,0
1729,1.0,1.0,829,0
1695,2.0,1.0,829,0
1380,1.0,1.0,829,0
1281,1.0,1.0,829,0
1970,1.0,1.0,830,0
1876,1.0,1.0,830,0
1875,2.0,1.0,830,0
1790,1.0,1.0,830,0
1570,1.0,1.0,830,0
1550,2.0,1.0,830,0
1486,2.0,1.0,830,0
1475,1.0,1.0,830,0
1430,1.0,1.0,830,0
1420,1.0,1.0,830,0
1330,1.0,1.0,830,0
1270,2.0,1.0,830,0
1039,1.0,1.0,830,0
1018,1.0,1.0,830,0
920,2.0,1.0,830,0
899,2.0,1.0,830,0
799,2.0,1.0,830,0
795,1.0,1.0,830,0
781,2.0,2.0,830,2
680,2.0,1.0,830,0
1882,1.0,1.0,831,0
1290,3.0,1.0,831,0
850,1.0,1.0,831,0
2920,1.0,1.0,832,0
2495,1.0,1.0,832,0
1700,1.0,1.0,832,0
1550,2.0,1.0,832,0
1325,2.0,1.0,832,0
1245,2.0,1.0,832,0
981,1.0,1.0,832,0
952,1.0,1.0,832,0
891,1.0,1.0,832,0
800,1.0,1.0,832,0
1800,1.0,1.0,833,0
1445,1.0,1.0,833,0
1399,2.0,1.0,833,0
1335,1.0,1.0,833,0
1300,2.0,1.0,833,0
1299,2.0,1.0,833,0
1245,2.0,1.0,833,0
1209,2.0,1.0,833,0
1092,1.0,1.0,833,0
1025,1.0,1.0,833,0
999,1.0,1.0,833,0
969,1.0,1.0,833,0
885,1.0,1.0,833,0
2275,2.0,2.0,834,2
2265,1.0,1.0,834,0
1950,2.0,1.0,834,0
1710,1.0,1.0,834,0
1350,1.0,1.0,834,0
1015,1.0,1.5,834,0
905,1.0,1.0,834,0
795,2.0,1.0,834,0
2184,1.0,1.0,835,0
2095,2.0,2.0,835,2
1898,2.0,1.0,835,0
1350,1.0,1.0,835,0
1245,2.0,1.0,835,0
1029,1.0,1.0,835,0
925,1.0,1.0,835,0
870,1.0,1.0,835,0
1545,1.0,1.0,836,0
1320,1.0,1.0,836,0
1180,1.0,1.0,836,0
1123,1.0,1.0,836,0
919,1.0,1.0,836,0
1745,2.0,1.0,837,0
1745,2.0,1.0,837,0
1670,2.0,1.0,837,0
1600,2.0,1.0,837,0
1438,2.0,2.0,837,2
850,1.0,1.0,837,0
2070,1.0,1.0,838,0
1600,1.0,1.0,838,0
1250,1.0,1.0,838,0
811,1.0,1.0,838,0
825,2.0,2.0,839,2
2695,2.0,2.0,840,2
2195,2.0,1.0,840,0
2150,1.0,1.0,840,0
1590,3.0,2.0,840,2
1475,1.0,1.0,840,0
1450,1.0,1.0,840,0
1417,1.0,1.0,840,0
1322,2.0,1.0,840,0
1310,1.0,1.0,840,0
1270,2.0,1.0,840,0
1200,1.0,1.0,840,0
1200,1.0,1.0,840,0
1165,2.0,1.0,840,0
1155,2.0,1.0,840,0
1100,1.0,1.0,840,0
1095,3.0,1.0,840,0
1070,2.0,1.0,840,0
1050,1.0,1.0,840,0
995,2.0,1.0,840,0
825,2.0,2.0,840,2
795,2.0,1.0,840,0
775,3.0,1.0,840,0
775,2.0,1.0,840,0
700,2.0,1.0,840,0
675,2.0,1.0,840,0
650,2.0,1.0,840,0
2600,1.0,1.0,841,0
1476,2.0,2.0,841,2
1268,1.0,1.0,841,0
1076,1.0,1.0,841,0
650,1.0,1.0,841,0
2350,2.0,2.0,842,2
1900,1.0,1.0,842,0
1875,1.0,1.0,842,0
1230,1.0,1.0,842,0
1057,1.0,1.0,842,0
1042,1.0,1.0,842,0
995,1.0,1.0,842,0
870,1.0,1.0,842,0
2186,1.0,1.0,843,0
1755,2.0,1.0,843,0
1624,1.0,1.0,843,0
1595,1.0,1.0,843,0
1264,2.0,2.0,843,2
950,2.0,1.0,843,0
805,1.0,1.0,843,0
1280,1.0,1.0,844,0
1202,1.0,1.0,844,0
1184,1.0,1.0,844,0
1120,2.0,1.5,844,0
424,2.0,1.0,844,0
3191,1.0,1.0,845,0
3159,1.0,1.0,845,0
2355,1.0,1.0,845,0
1900,1.0,1.0,845,0
1805,2.0,2.0,845,2
1582,1.0,1.0,845,0
1395,1.0,1.0,845,0
1200,2.0,1.0,845,0
1015,2.0,1.0,845,0
975,2.0,2.0,845,2
870,1.0,1.0,845,0
1689,1.0,1.0,846,0
1595,1.0,1.0,846,0
1465,1.0,1.0,846,0
1327,1.0,1.0,846,0
1315,1.0,1.0,846,0
1283,1.0,1.0,846,0
1277,1.0,1.0,846,0
1044,1.0,1.0,846,0
925,1.0,1.0,846,0
875,2.0,1.0,846,0
2898,2.0,1.0,847,0
1686,1.0,1.0,847,0
1565,1.0,1.0,847,0
1500,1.0,1.0,847,0
1145,2.0,1.0,847,0
1100,2.0,1.0,847,0
799,1.0,1.0,847,0
1950,1.0,1.0,848,0
1707,1.0,1.0,848,0
1337,2.0,1.0,848,0
1337,2.0,1.0,848,0
1311,1.0,1.0,848,0
879,1.0,1.0,848,0
1292,1.0,1.0,849,0
1185,3.0,1.0,849,0
1050,1.0,1.0,849,0
839,1.0,1.0,849,0
3950,2.0,1.0,850,0
3390,1.0,1.0,850,0
2800,1.0,1.0,850,0
2800,2.0,2.0,850,2
2795,2.0,1.0,850,0
2750,1.0,1.0,850,0
2700,1.0,1.5,850,0
2700,2.0,1.0,850,0
2695,2.0,1.0,850,0
2570,1.0,1.0,850,0
2515,1.0,1.0,850,0
2300,1.0,1.0,850,0
2295,2.0,1.0,850,0
2260,1.0,1.0,850,0
2100,1.0,1.0,850,0
2075,2.0,1.5,850,2
1990,1.0,1.0,850,0
1845,1.0,1.0,850,0
1795,2.0,1.0,850,0
1775,2.0,1.0,850,0
1699,2.0,1.0,850,0
1695,2.0,1.0,850,0
1695,2.0,1.0,850,0
1685,1.0,1.0,850,0
1599,2.0,1.0,850,0
1550,1.0,1.5,850,0
1500,1.0,1.0,850,0
1500,2.0,1.0,850,0
1450,1.0,1.0,850,0
1450,1.0,1.0,850,0
1450,2.0,1.0,850,0
1399,1.0,1.0,850,0
1399,1.0,1.0,850,0
1395,2.0,1.0,850,0
1359,1.0,1.0,850,0
1350,2.0,1.0,850,0
1339,2.0,1.5,850,0
1325,1.0,1.0,850,0
1299,1.0,1.0,850,0
1295,2.0,1.0,850,0
1285,2.0,1.0,850,0
1269,1.0,1.0,850,0
1269,1.0,1.0,850,0
1242,2.0,1.0,850,0
1230,2.0,1.0,850,0
1225,2.0,1.0,850,0
1200,2.0,1.0,850,0
1200,2.0,2.0,850,2
1200,1.0,1.0,850,0
1195,2.0,1.0,850,0
1179,1.0,1.0,850,0
1150,2.0,1.0,850,0
1140,2.0,1.0,850,0
1135,2.0,1.0,850,0
1133,2.0,1.0,850,0
1125,1.0,1.0,850,0
1110,1.0,1.0,850,0
1100,2.0,1.0,850,0
1100,1.0,1.0,850,0
1100,2.0,1.0,850,0
1080,2.0,1.0,850,0
1065,2.0,1.0,850,0
1050,2.0,1.0,850,0
1029,2.0,2.0,850,2
1020,2.0,1.0,850,0
1010,2.0,1.0,850,0
1005,3.0,1.0,850,0
1000,2.0,1.0,850,0
1000,1.0,1.0,850,0
995,1.0,1.0,850,0
995,2.0,1.0,850,0
995,1.0,1.0,850,0
995,2.0,2.0,850,2
985,2.0,1.0,850,0
980,2.0,1.0,850,0
980,2.0,1.0,850,0
980,2.0,1.0,850,0
978,1.0,1.0,850,0
969,1.0,1.0,850,0
964,1.0,1.0,850,0
959,2.0,1.0,850,0
950,1.0,1.0,850,0
949,1.0,1.0,850,0
925,2.0,1.0,850,0
925,2.0,1.0,850,0
910,1.0,1.0,850,0
910,1.0,1.0,850,0
879,1.0,1.0,850,0
869,1.0,1.0,850,0
865,2.0,1.0,850,0
855,1.0,1.0,850,0
850,2.0,2.0,850,2
850,2.0,1.0,850,0
825,2.0,1.0,850,0
803,1.0,1.0,850,0
800,1.0,1.0,850,0
800,1.0,1.0,850,0
800,2.0,1.0,850,0
799,2.0,1.0,850,0
795,2.0,1.0,850,0
780,2.0,1.0,850,0
775,2.0,2.0,850,2
775,1.0,1.0,850,0
750,3.0,1.0,850,0
730,1.0,1.0,850,0
725,2.0,1.0,850,0
725,2.0,1.0,850,0
720,2.0,1.0,850,0
715,1.0,1.0,850,0
715,3.0,1.0,850,0
699,2.0,2.0,850,2
675,2.0,1.0,850,0
650,2.0,1.0,850,0
650,3.0,1.0,850,0
649,1.0,1.0,850,0
625,2.0,1.0,850,0
600,1.0,1.5,850,0
595,2.0,1.0,850,0
565,2.0,1.0,850,0
525,2.0,1.0,850,0
500,2.0,1.0,850,0
5095,2.0,2.0,851,2
2195,2.0,2.0,851,2
1775,1.0,1.0,851,0
1250,1.0,1.0,851,0
1065,2.0,1.0,851,0
1026,3.0,1.0,851,0
654,2.0,1.0,851,0
2270,1.0,1.0,852,0
1363,1.0,1.0,852,0
1200,1.0,1.0,852,0
1195,2.0,1.0,852,0
875,1.0,1.0,852,0
1496,1.0,1.0,853,0
1468,1.0,1.0,853,0
1429,2.0,1.0,853,0
1740,2.0,1.0,854,0
1545,1.0,1.0,854,0
1160,3.0,1.0,854,0
1140,1.0,1.0,854,0
1116,1.0,1.0,854,0
995,1.0,1.0,854,0
990,1.0,1.0,854,0
857,1.0,1.0,854,0
3193,1.0,1.0,855,0
1639,2.0,1.0,855,0
1025,1.0,1.0,855,0
975,1.0,1.0,855,0
885,1.0,1.0,855,0
875,1.0,1.0,855,0
2350,1.0,1.0,856,0
1700,2.0,1.0,856,0
1680,2.0,1.0,856,0
1550,1.0,1.0,856,0
1526,1.0,1.0,856,0
1270,1.0,1.0,856,0
1200,2.0,1.0,856,0
1160,1.0,1.0,856,0
1002,1.0,1.0,856,0
854,1.0,1.0,856,0
825,1.0,1.0,856,0
3100,1.0,1.0,857,0
1825,1.0,1.0,857,0
1025,1.0,1.0,857,0
1450,1.0,1.0,858,0
950,1.0,1.0,858,0
839,2.0,1.5,858,0
680,2.0,1.0,858,0
2100,0.0,1.0,859,0
1995,2.0,1.5,859,2
770,1.0,1.0,859,0
4695,2.0,1.0,860,0
2550,2.0,1.0,860,0
2400,2.0,1.0,860,0
1805,1.0,1.0,860,0
1373,1.0,1.0,860,0
1325,1.0,1.0,860,0
1198,1.0,1.0,860,0
1150,2.0,2.0,860,2
1075,2.0,1.0,860,0
1060,2.0,1.0,860,0
965,1.0,1.0,860,0
825,1.0,1.0,860,0
775,2.0,1.0,860,0
775,2.0,1.0,860,0
635,2.0,1.0,860,0
2260,2.0,2.0,861,2
2200,1.0,1.0,861,0
1845,2.0,1.0,861,0
1312,1.0,1.0,861,0
1152,1.0,1.0,861,0
1990,2.0,1.0,862,0
1955,2.0,1.0,862,0
1756,1.0,1.0,862,0
1735,2.0,1.0,862,0
1555,1.0,1.0,862,0
1295,1.0,1.0,862,0
999,2.0,1.0,862,0
1750,2.0,1.0,863,0
1294,1.0,1.0,863,0
1040,2.0,2.0,863,2
1021,2.0,1.0,863,0
1724,2.0,1.0,864,0
1724,2.0,1.0,864,0
1724,2.0,1.0,864,0
1724,2.0,1.0,864,0
1497,3.0,2.0,864,2
1399,2.0,2.0,864,2
1375,1.0,1.0,864,0
1365,2.0,2.0,864,2
1125,2.0,1.0,864,0
930,2.0,1.0,864,0
920,2.0,2.0,864,2
800,2.0,1.5,864,0
640,2.0,1.0,864,0
2891,1.0,1.0,865,0
2516,1.0,1.5,865,0
1360,2.0,1.0,865,0
1330,2.0,1.0,865,0
1200,1.0,1.0,865,0
1145,2.0,1.0,865,0
1095,2.0,1.0,865,0
1049,2.0,1.0,865,0
875,2.0,1.0,865,0
513,2.0,1.0,865,0
1211,1.0,1.0,866,0
800,2.0,1.0,866,0
1354,1.0,1.0,867,0
1205,2.0,1.0,867,0
1110,2.0,1.0,867,0
875,2.0,1.0,867,0
2150,2.0,1.0,868,0
2098,1.0,1.0,868,0
1614,1.0,1.0,868,0
1600,2.0,1.0,868,0
1290,1.0,1.0,868,0
1149,2.0,2.0,868,2
1149,2.0,2.0,868,2
1149,2.0,2.0,868,2
1100,2.0,2.0,868,2
1100,4.0,2.0,868,2
919,1.0,1.0,868,0
1345,1.0,1.0,869,0
1089,2.0,1.0,869,0
4995,1.0,1.0,870,0
2140,1.0,1.0,870,0
1605,2.0,2.0,870,2
1600,1.0,1.0,870,0
1558,1.0,1.0,870,0
1495,1.0,1.0,870,0
1445,2.0,2.0,870,2
1225,2.0,2.0,870,2
1180,1.0,1.0,870,0
1095,2.0,1.0,870,0
1055,1.0,1.0,870,0
999,2.0,1.0,870,0
975,2.0,1.0,870,0
950,2.0,1.0,870,0
910,2.0,1.0,870,0
875,1.0,1.0,870,0
805,1.0,1.0,870,0
719,2.0,1.5,870,0
1995,1.0,1.0,871,0
1755,2.0,2.0,871,2
1723,1.0,1.0,871,0
1605,1.0,1.0,871,0
1270,2.0,2.0,871,2
1225,1.0,1.0,871,0
770,2.0,1.0,871,0
2350,1.0,1.0,872,0
2000,2.0,1.5,872,2
1296,1.0,1.0,872,0
1109,1.0,1.0,872,0
690,2.0,1.0,872,0
1934,1.0,1.0,873,0
1380,1.0,1.0,873,0
1300,1.0,1.0,873,0
1255,2.0,1.0,873,0
1885,2.0,1.0,874,0
1325,1.0,1.0,874,0
1205,1.0,1.0,874,0
924,1.0,1.0,874,0
2780,1.0,1.0,875,0
2520,1.0,1.0,875,0
2495,1.0,1.0,875,0
2445,1.0,1.0,875,0
2395,2.0,1.0,875,0
1925,2.0,1.0,875,0
1695,2.0,1.0,875,0
1625,2.0,2.0,875,2
1500,2.0,2.0,875,2
1289,2.0,1.0,875,0
1280,2.0,1.0,875,0
1269,1.0,1.0,875,0
1263,2.0,1.0,875,0
1249,2.0,1.0,875,0
1249,2.0,1.0,875,0
1249,2.0,1.0,875,0
1183,2.0,1.0,875,0
1175,2.0,1.0,875,0
1158,2.0,1.0,875,0
1158,2.0,1.0,875,0
1158,2.0,1.0,875,0
1158,2.0,1.0,875,0
1158,2.0,1.0,875,0
1150,1.0,1.0,875,0
1010,2.0,1.0,875,0
995,2.0,1.0,875,0
980,2.0,1.0,875,0
975,2.0,1.0,875,0
950,2.0,1.0,875,0
800,1.0,1.0,875,0
732,3.0,2.0,875,2
675,2.0,2.0,875,2
1600,2.0,2.0,876,2
1461,2.0,1.0,876,0
1400,1.0,1.0,876,0
1180,2.0,2.0,876,2
1180,2.0,2.0,876,2
1169,2.0,2.0,876,2
995,2.0,1.0,876,0
977,1.0,1.0,876,0
929,1.0,1.0,876,0
885,1.0,1.0,876,0
1600,1.0,1.0,877,0
1295,2.0,1.0,877,0
1275,1.0,1.0,877,0
1090,2.0,1.0,877,0
2385,3.0,3.0,878,2
2195,2.0,2.0,878,2
1002,1.0,1.0,878,0
1470,1.0,1.0,879,0
1450,1.0,1.0,879,0
1440,1.0,1.0,879,0
1278,2.0,1.0,879,0
2350,1.0,1.5,880,0
1900,2.0,1.0,880,0
1750,2.0,2.0,880,2
1675,2.0,1.5,880,2
1650,3.0,2.0,880,2
1585,2.0,2.0,880,2
1539,1.0,1.0,880,0
1450,2.0,1.0,880,0
1440,2.0,1.5,880,2
1410,2.0,1.0,880,0
1335,2.0,1.0,880,0
1280,2.0,1.0,880,0
1229,2.0,1.0,880,0
1200,2.0,1.0,880,0
1125,1.0,1.0,880,0
925,2.0,1.0,880,0
880,2.0,1.0,880,0
850,2.0,1.0,880,0
825,1.0,1.0,880,0
770,2.0,1.5,880,0
750,2.0,2.0,880,2
665,2.0,2.0,880,2
1516,1.0,1.0,881,0
1250,1.0,1.0,881,0
1500,1.0,1.0,882,0
1500,1.0,1.0,882,0
1345,1.0,1.0,882,0
1112,2.0,1.0,882,0
979,1.0,1.0,882,0
975,1.0,1.0,882,0
824,2.0,1.0,882,0
780,2.0,1.0,882,0
1705,1.0,1.0,883,0
1015,2.0,2.0,883,2
2100,2.0,1.0,884,0
1930,1.0,1.0,884,0
1895,2.0,1.0,884,0
1400,2.0,1.0,884,0
1400,2.0,1.0,884,0
1295,2.0,1.0,884,0
1205,2.0,1.0,884,0
1061,2.0,1.0,884,0
950,3.0,1.0,884,0
825,2.0,2.0,884,2
2075,4.0,1.0,885,2
1700,2.0,2.0,885,2
1545,2.0,1.5,885,2
1525,1.0,1.0,885,0
1476,2.0,2.0,885,2
1150,1.0,1.0,885,0
1550,1.0,1.0,886,0
1400,2.0,1.0,886,0
1400,2.0,1.0,886,0
1229,2.0,1.0,886,0
1099,2.0,2.0,886,2
1095,2.0,1.0,886,0
980,1.0,1.0,886,0
850,2.0,1.0,886,0
2000,2.0,2.0,887,2
1637,2.0,1.0,887,0
2695,2.0,1.0,888,0
1875,2.0,2.0,888,2
1592,1.0,1.0,888,0
1585,1.0,1.0,888,0
1098,2.0,2.0,888,2
799,2.0,1.0,888,0
795,2.0,1.0,888,0
1784,2.0,2.0,889,2
1280,1.0,1.0,889,0
5100,3.0,2.0,890,2
3395,2.0,2.0,890,2
1835,2.0,1.0,890,0
1725,2.0,2.0,890,2
1708,2.0,1.0,890,0
1495,2.0,2.0,890,2
1474,1.0,1.0,890,0
1459,1.0,1.0,890,0
1444,1.0,1.0,890,0
1440,1.0,1.0,890,0
1350,1.0,1.0,890,0
1165,2.0,2.0,890,2
1165,1.0,1.0,890,0
1065,1.0,1.0,890,0
1000,1.0,1.0,890,0
990,1.0,1.0,890,0
943,1.0,1.0,890,0
940,1.0,1.0,890,0
925,3.0,1.0,890,0
823,2.0,2.0,890,2
800,2.0,1.0,890,0
705,1.0,1.0,890,0
1900,1.0,1.5,891,0
725,2.0,1.0,891,0
1994,1.0,1.0,892,0
1460,1.0,1.0,892,0
972,1.0,1.0,892,0
1065,1.0,1.0,893,0
1050,1.0,1.0,893,0
975,2.0,2.0,893,2
5195,3.0,1.0,894,2
2195,2.0,1.0,894,0
1595,2.0,1.5,894,2
1480,2.0,2.0,894,2
1450,2.0,2.0,894,2
1440,2.0,2.0,894,2
1246,1.0,1.0,894,0
985,2.0,1.0,894,0
909,2.0,1.0,894,0
899,1.0,1.0,894,0
2995,2.0,2.0,895,2
1495,2.0,1.0,895,0
1350,2.0,1.0,895,0
1300,2.0,1.0,895,0
1199,2.0,2.0,895,2
1199,2.0,1.0,895,0
1166,1.0,1.0,895,0
985,2.0,1.0,895,0
946,2.0,1.0,895,0
895,2.0,1.0,895,0
664,2.0,1.0,895,0
2395,2.0,2.0,896,2
1909,1.0,1.0,896,0
1795,2.0,1.0,896,0
1415,1.0,1.0,896,0
990,2.0,1.0,896,0
930,1.0,1.0,896,0
875,2.0,1.0,896,0
689,3.0,1.0,896,0
625,2.0,1.0,896,0
2585,2.0,1.0,897,0
2525,2.0,2.0,897,2
1600,1.0,1.0,897,0
1817,2.0,1.0,898,0
1349,1.0,1.0,898,0
1025,1.0,1.0,898,0
769,2.0,2.0,898,2
769,2.0,2.0,898,2
1364,2.0,2.0,899,2
1285,2.0,1.0,899,0
1206,1.0,1.0,899,0
1110,1.0,1.0,899,0
1005,1.0,1.5,899,0
4995,3.0,2.0,900,2
4769,3.0,1.5,900,2
3800,2.0,1.0,900,0
3175,3.0,1.0,900,2
3100,1.0,1.0,900,0
2950,1.0,1.0,900,0
2837,2.0,2.0,900,2
2800,2.0,1.5,900,2
2795,2.0,2.0,900,2
2690,2.0,2.0,900,2
2625,2.0,1.0,900,0
2599,1.0,1.0,900,0
2510,2.0,1.0,900,0
2445,2.0,1.0,900,0
2395,2.0,1.0,900,0
2298,2.0,1.0,900,0
2200,2.0,1.0,900,0
2200,3.0,1.0,900,2
2100,2.0,1.0,900,0
2100,2.0,1.5,900,2
2100,2.0,1.0,900,0
2000,2.0,1.0,900,0
1999,2.0,1.0,900,0
1990,2.0,2.0,900,2
1905,2.0,1.0,900,0
1850,1.0,1.0,900,0
1850,1.0,1.0,900,0
1835,2.0,2.0,900,2
1825,2.0,1.0,900,0
1800,2.0,1.0,900,0
1795,2.0,1.0,900,0
1750,1.0,1.0,900,0
1725,2.0,1.0,900,0
1710,1.0,1.0,900,0
1700,2.0,2.0,900,2
1695,1.0,1.0,900,0
1675,2.0,1.5,900,2
1650,3.0,1.0,900,2
1648,1.0,1.0,900,0
1639,2.0,1.0,900,0
1620,2.0,1.0,900,0
1620,2.0,1.0,900,0
1600,2.0,2.0,900,2
1600,1.0,1.0,900,0
1599,3.0,1.0,900,2
1579,1.0,1.0,900,0
1550,2.0,1.0,900,0
1550,2.0,1.0,900,0
1550,1.0,1.0,900,0
1525,1.0,2.0,900,0
1500,2.0,1.0,900,0
1500,1.0,1.0,900,0
1475,2.0,1.0,900,0
1460,2.0,1.0,900,0
1400,2.0,1.0,900,0
1390,2.0,2.0,900,2
1365,1.0,1.0,900,0
1365,2.0,1.0,900,0
1350,4.0,1.0,900,2
1350,3.0,1.0,900,2
1350,1.0,1.0,900,0
1350,2.0,1.0,900,0
1340,2.0,1.0,900,0
1329,2.0,1.0,900,0
1300,2.0,1.0,900,0
1300,2.0,1.0,900,0
1300,3.0,1.0,900,2
1300,2.0,1.0,900,0
1299,1.0,1.0,900,0
1289,2.0,1.0,900,0
1275,1.0,1.0,900,0
1264,1.0,1.0,900,0
1255,2.0,2.0,900,2
1250,2.0,1.5,900,0
1250,2.0,1.0,900,0
1240,2.0,2.0,900,2
1230,2.0,1.0,900,0
1214,2.0,2.0,900,2
1200,3.0,1.0,900,2
1200,2.0,2.0,900,2
1200,2.0,1.0,900,0
1195,2.0,1.0,900,0
1100,2.0,1.0,900,0
1100,2.0,1.0,900,0
1075,1.0,1.0,900,0
1035,2.0,1.0,900,0
1030,2.0,1.0,900,0
1025,2.0,1.0,900,0
1021,1.0,1.0,900,0
1015,2.0,2.0,900,2
999,2.0,1.0,900,0
995,2.0,1.0,900,0
995,2.0,1.0,900,0
978,2.0,1.0,900,0
975,1.0,1.0,900,0
975,2.0,1.0,900,0
964,1.0,1.0,900,0
950,2.0,2.0,900,2
950,1.0,1.0,900,0
935,2.0,1.0,900,0
924,2.0,1.0,900,0
900,1.0,1.0,900,0
900,2.0,1.0,900,0
899,1.0,1.0,900,0
898,1.0,1.0,900,0
875,2.0,1.0,900,0
870,2.0,1.0,900,0
850,2.0,1.0,900,0
850,2.0,1.0,900,0
850,2.0,1.0,900,0
850,2.0,1.0,900,0
850,2.0,1.0,900,0
850,2.0,1.0,900,0
850,2.0,2.0,900,2
848,2.0,2.0,900,2
825,2.0,1.0,900,0
825,3.0,1.0,900,0
815,2.0,1.0,900,0
805,2.0,1.0,900,0
800,2.0,1.0,900,0
800,1.0,1.0,900,0
800,3.0,1.0,900,0
795,2.0,1.0,900,0
785,2.0,1.0,900,0
785,2.0,1.0,900,0
780,2.0,1.5,900,0
775,2.0,1.0,900,0
770,2.0,2.0,900,2
765,2.0,1.0,900,0
760,2.0,2.0,900,2
750,2.0,2.0,900,2
750,2.0,1.0,900,0
735,2.0,1.0,900,0
700,2.0,1.0,900,0
700,2.0,1.0,900,0
695,2.0,1.0,900,0
695,2.0,1.0,900,0
675,2.0,1.0,900,0
650,2.0,2.0,900,2
645,2.0,1.0,900,0
635,2.0,1.0,900,0
625,2.0,1.0,900,0
565,2.0,2.0,900,2
505,2.0,1.5,900,0
500,2.0,2.0,900,2
500,2.0,1.0,900,0
455,2.0,1.0,900,0
1231,2.0,1.5,901,0
999,2.0,1.0,901,0
874,2.0,1.0,901,0
850,2.0,1.0,901,0
578,2.0,2.0,901,2
1850,2.0,1.0,902,0
1250,2.0,2.0,902,2
1225,2.0,1.0,902,0
1177,1.0,1.0,902,0
845,2.0,1.0,902,0
700,2.0,1.0,902,0
1730,1.0,1.0,903,0
1495,1.0,1.0,903,0
1300,1.0,1.5,903,0
1265,1.0,1.0,903,0
1240,2.0,2.0,903,2
1055,2.0,2.0,903,2
834,1.0,1.0,903,0
1770,2.0,1.0,904,0
1770,2.0,1.0,904,0
2859,2.0,2.0,905,2
2450,1.0,1.0,905,0
1797,3.0,3.0,905,2
1468,2.0,2.0,905,2
1330,2.0,2.0,905,2
1240,2.0,1.0,905,0
1160,2.0,1.0,905,0
1050,1.0,1.0,905,0
795,2.0,2.0,905,2
1743,1.0,1.0,906,0
1700,2.0,1.0,906,0
1683,2.0,1.5,906,2
1683,2.0,1.5,906,2
1295,1.0,1.5,906,0
1175,1.0,1.0,906,0
730,1.0,1.0,906,0
1369,1.0,1.0,907,0
1194,3.0,1.0,907,2
1640,2.0,2.0,908,2
1225,1.0,1.0,908,0
1010,1.0,1.0,908,0
660,2.0,2.0,908,2
1095,2.0,2.0,909,2
1887,2.0,2.0,910,2
1750,1.0,1.0,910,0
1496,4.0,2.0,910,2
1161,1.0,1.0,910,0
1047,1.0,1.0,910,0
1046,1.0,1.0,910,0
1019,1.0,1.0,910,0
893,1.0,1.0,910,0
1949,2.0,2.0,911,2
1870,2.0,2.0,911,2
1299,1.0,1.0,911,0
1079,1.0,1.0,911,0
991,2.0,2.0,911,2
3700,2.0,2.0,912,2
1313,2.0,2.0,912,2
1239,2.0,1.0,912,0
1159,2.0,1.0,912,0
1145,2.0,1.0,912,0
1045,3.0,1.0,912,2
1004,2.0,2.0,912,2
895,2.0,2.0,912,2
790,3.0,2.0,912,2
1795,1.0,1.0,913,0
1712,2.0,2.0,913,2
1685,1.0,1.0,913,0
1480,2.0,2.0,913,2
1397,2.0,1.0,913,0
1005,2.0,1.0,913,0
808,1.0,1.0,913,0
805,1.0,1.0,913,0
5000,1.0,1.0,914,0
1855,2.0,2.0,914,2
1575,3.0,2.0,914,2
1555,1.0,2.0,914,2
1350,2.0,2.0,914,2
1128,1.0,1.0,914,0
1123,2.0,1.0,914,0
4895,2.0,2.0,915,2
2295,2.0,2.0,915,2
2120,1.0,1.0,915,0
1650,1.0,1.0,915,0
1445,2.0,1.0,915,0
1410,2.0,1.0,915,0
1300,2.0,1.0,915,0
1045,1.0,1.0,915,0
565,2.0,1.0,915,0
2199,2.0,1.0,916,0
1800,2.0,1.0,916,0
1365,2.0,2.0,916,2
1300,2.0,2.0,916,2
1130,2.0,1.0,916,0
1025,2.0,1.0,916,0
820,2.0,1.0,916,0
725,2.0,1.0,916,0
1900,2.0,1.0,917,0
1295,2.0,1.0,917,0
655,1.0,1.0,917,0
2495,2.0,1.5,918,2
2025,1.0,1.0,918,0
1890,2.0,2.0,918,2
1805,2.0,2.0,918,2
1289,2.0,2.0,918,2
1250,1.0,1.0,918,0
1200,2.0,1.0,918,0
830,3.0,1.0,918,0
750,2.0,1.0,918,0
1920,1.0,1.0,919,0
1110,2.0,1.0,919,0
2700,1.0,1.0,920,0
2065,2.0,1.0,920,0
2050,2.0,1.0,920,0
1810,1.0,1.0,920,0
1649,1.0,1.0,920,0
1630,2.0,1.0,920,0
1586,2.0,1.0,920,0
1556,1.0,1.0,920,0
1495,2.0,2.0,920,2
1245,2.0,1.0,920,0
1195,2.0,1.0,920,0
1094,1.0,1.0,920,0
1067,1.0,1.5,920,0
950,2.0,1.0,920,0
922,1.0,1.0,920,0
910,2.0,2.0,920,2
895,1.0,1.0,920,0
835,2.0,1.0,920,0
826,1.0,1.0,920,0
825,2.0,1.0,920,0
1565,2.0,1.0,921,0
1430,2.0,2.0,921,2
1195,1.0,1.5,921,0
2800,2.0,1.0,922,0
1580,1.0,1.0,922,0
1464,1.0,1.0,922,0
4795,2.0,1.0,923,2
1895,2.0,1.0,923,0
1850,2.0,2.0,923,2
1713,1.0,1.0,923,0
1475,2.0,2.0,923,2
1953,1.0,1.0,924,0
1760,2.0,2.0,924,2
1575,2.0,2.0,924,2
916,2.0,2.0,924,2
675,2.0,1.5,924,0
2595,2.0,1.0,925,0
2495,2.0,1.0,925,0
2495,2.0,1.0,925,0
2100,2.0,1.0,925,0
2020,2.0,2.0,925,2
1476,2.0,2.0,925,2
1450,1.0,1.0,925,0
1436,2.0,2.0,925,2
1375,2.0,1.0,925,0
1295,1.0,1.0,925,0
1250,2.0,1.0,925,0
1150,2.0,2.0,925,2
900,2.0,1.0,925,0
895,2.0,2.0,925,2
890,2.0,1.5,925,0
889,1.0,1.0,925,0
875,1.0,1.0,925,0
775,2.0,1.5,925,0
775,2.0,1.0,925,0
750,2.0,1.0,925,0
700,2.0,1.0,925,0
679,2.0,1.0,925,0
1550,2.0,1.5,926,2
1275,2.0,1.0,926,0
1027,2.0,2.0,926,2
3050,2.0,1.5,927,2
1675,2.0,2.0,927,2
1490,2.0,2.0,927,2
1475,2.0,2.0,927,2
1445,2.0,1.5,927,2
1440,2.0,1.5,927,2
850,1.0,1.0,927,0
1192,1.0,1.0,928,0
1020,2.0,2.0,928,2
2770,2.0,2.0,929,2
2375,2.0,2.0,929,2
1435,1.0,1.5,929,0
2010,2.0,2.0,930,2
1700,2.0,1.0,930,0
1424,1.0,2.0,930,2
1275,2.0,1.5,930,2
1200,2.0,1.5,930,2
1150,2.0,2.0,930,2
1144,2.0,1.0,930,0
1115,1.0,1.0,930,0
1100,2.0,1.0,930,0
1100,2.0,2.0,930,2
1072,2.0,1.0,930,0
1035,2.0,2.0,930,2
1000,2.0,2.0,930,2
965,2.0,2.0,930,2
895,2.0,1.0,930,0
668,2.0,1.5,930,0
624,2.0,1.0,930,0
610,2.0,1.0,930,0
6500,2.0,1.0,931,2
1740,1.0,1.0,931,0
1670,1.0,1.0,931,0
1418,2.0,2.0,931,2
1225,2.0,2.0,931,2
1085,1.0,1.0,931,0
1965,2.0,2.0,932,2
1965,2.0,2.0,932,2
1915,2.0,2.0,932,2
1586,2.0,1.5,932,2
1438,2.0,2.0,932,2
1295,2.0,1.5,932,2
2600,1.0,1.5,933,0
2195,2.0,1.0,933,0
1527,2.0,1.0,933,0
895,3.0,1.0,933,2
785,3.0,1.0,933,0
695,1.0,1.0,933,0
1495,2.0,1.5,934,2
1180,2.0,2.0,934,2
807,2.0,2.0,934,2
2250,2.0,2.0,935,2
1714,1.0,1.0,935,0
1455,2.0,1.0,935,0
1450,2.0,1.0,935,0
1420,2.0,1.0,935,0
1335,1.0,2.0,935,0
1315,2.0,1.5,935,2
1173,2.0,2.0,935,2
999,2.0,2.0,935,2
985,2.0,2.0,935,2
950,2.0,1.0,935,0
900,2.0,1.0,935,0
850,1.0,1.0,935,0
835,2.0,1.0,935,0
811,2.0,2.0,935,2
2050,3.0,2.0,936,2
1833,2.0,2.0,936,2
1676,1.0,1.0,936,0
1599,3.0,1.0,936,2
1450,2.0,1.5,936,2
945,3.0,1.0,936,2
850,3.0,1.0,936,2
645,2.0,2.0,936,2
1605,2.0,1.0,937,0
1528,1.0,1.0,937,0
1267,2.0,2.0,937,2
1135,2.0,1.0,937,0
995,2.0,1.0,937,0
1600,2.0,1.0,938,0
1595,1.0,2.0,938,2
1485,2.0,2.0,938,2
1255,2.0,2.0,938,2
1050,2.0,2.0,938,2
1997,1.0,1.0,939,0
1900,1.0,1.5,939,0
1889,1.0,1.0,939,0
1670,2.0,2.0,939,2
1558,1.0,1.0,939,0
1545,2.0,2.0,939,2
1390,2.0,2.0,939,2
1390,2.0,2.0,939,2
1390,2.0,2.0,939,2
1370,2.0,2.0,939,2
1370,2.0,2.0,939,2
1370,2.0,2.0,939,2
1350,2.0,2.0,939,2
1350,2.0,2.0,939,2
1350,2.0,2.0,939,2
1350,2.0,2.0,939,2
1350,2.0,2.0,939,2
1350,2.0,2.0,939,2
1350,2.0,2.0,939,2
1350,2.0,2.0,939,2
1350,2.0,2.0,939,2
1350,2.0,2.0,939,2
1186,1.0,1.0,939,0
783,2.0,1.0,939,0
1895,3.0,1.0,940,2
1832,2.0,2.0,940,2
1685,1.0,1.0,940,0
1489,1.0,1.0,940,0
1398,2.0,2.0,940,2
1325,2.0,2.0,940,2
1265,2.0,1.5,940,2
1190,2.0,2.0,940,2
1135,2.0,1.0,940,0
968,2.0,1.0,940,0
932,2.0,1.0,940,0
922,2.0,1.5,940,0
795,2.0,1.0,940,0
659,2.0,2.0,940,2
625,2.0,1.0,940,0
1755,2.0,1.0,941,0
1415,1.0,1.0,941,0
2400,0.0,1.0,942,0
1495,2.0,1.0,942,0
1216,2.0,2.0,942,2
1190,2.0,2.0,942,2
1115,1.0,1.0,942,0
1075,1.0,1.0,942,0
964,2.0,2.0,942,2
1367,1.0,1.0,943,0
1320,3.0,1.5,943,2
1177,2.0,2.0,943,2
2020,2.0,2.0,944,2
1840,2.0,2.0,944,2
1795,2.0,1.5,944,2
1703,2.0,2.0,944,2
1600,2.0,2.0,944,2
1495,2.0,1.5,944,2
1100,2.0,1.5,944,2
1010,1.0,1.0,944,0
1825,2.0,1.0,945,0
1514,2.0,1.0,945,0
1400,1.0,1.0,945,0
1200,2.0,1.0,945,0
1077,1.0,1.0,945,0
860,2.0,2.0,945,2
1352,4.0,2.0,946,2
1290,2.0,1.0,946,0
1245,2.0,2.0,946,2
1240,2.0,2.0,946,2
995,2.0,1.0,946,0
1300,2.0,2.0,947,2
1775,2.0,2.0,948,2
1650,2.0,2.0,948,2
1595,1.0,1.0,948,0
1402,2.0,1.0,948,0
3565,1.0,1.0,949,0
2275,2.0,2.0,949,2
1696,2.0,2.0,949,2
1655,2.0,2.0,949,2
1648,2.0,2.0,949,2
1635,3.0,1.5,949,2
1289,2.0,1.0,949,0
3198,1.0,1.5,950,0
2998,2.0,2.0,950,2
2695,2.0,1.0,950,0
2395,1.0,1.0,950,0
2325,2.0,1.0,950,0
2300,2.0,1.5,950,2
2215,2.0,2.0,950,2
2210,2.0,2.0,950,2
1895,2.0,1.0,950,0
1885,2.0,1.0,950,0
1795,2.0,1.5,950,2
1788,2.0,2.0,950,2
1725,2.0,2.0,950,2
1580,2.0,2.0,950,2
1500,2.0,1.5,950,2
1495,2.0,1.5,950,2
1475,2.0,1.0,950,0
1450,2.0,1.0,950,0
1445,2.0,1.0,950,0
1425,1.0,1.5,950,0
1400,2.0,1.0,950,0
1399,2.0,1.0,950,0
1387,2.0,2.0,950,2
1380,2.0,1.0,950,0
1360,3.0,2.0,950,2
1353,1.0,1.0,950,0
1350,3.0,1.0,950,2
1350,2.0,1.0,950,0
1300,2.0,2.0,950,2
1300,2.0,1.0,950,0
1299,1.0,1.0,950,0
1299,2.0,1.0,950,0
1250,2.0,1.0,950,0
1230,2.0,2.0,950,2
1225,2.0,1.0,950,0
1200,2.0,1.5,950,2
1150,2.0,1.0,950,0
1122,1.0,1.0,950,0
1120,2.0,1.0,950,0
1109,3.0,2.0,950,2
1100,2.0,1.0,950,0
1099,2.0,1.0,950,0
1095,1.0,1.0,950,0
1090,2.0,1.5,950,2
1050,3.0,1.0,950,2
1044,2.0,1.0,950,0
1009,2.0,2.0,950,2
1009,1.0,1.0,950,0
1000,2.0,1.0,950,0
995,2.0,1.0,950,0
995,2.0,1.0,950,0
994,2.0,2.0,950,2
979,2.0,2.0,950,2
970,2.0,1.0,950,0
958,2.0,2.0,950,2
950,2.0,2.0,950,2
935,2.0,2.0,950,2
933,2.0,1.0,950,0
927,1.0,1.0,950,0
925,2.0,2.0,950,2
895,1.0,1.0,950,0
880,2.0,2.0,950,2
880,2.0,2.0,950,2
875,2.0,1.0,950,0
875,3.0,1.0,950,2
859,2.0,1.0,950,0
825,2.0,2.0,950,2
825,2.0,1.0,950,0
795,2.0,2.0,950,2
775,2.0,2.0,950,2
760,2.0,1.0,950,0
752,2.0,2.0,950,2
750,1.0,1.0,950,0
749,2.0,1.5,950,0
550,3.0,2.0,950,2
545,2.0,1.0,950,0
3649,1.0,1.0,951,0
2195,2.0,1.5,951,2
1304,2.0,2.0,951,2
1295,2.0,2.0,951,2
1615,1.0,1.0,952,0
1615,2.0,2.0,952,2
1495,2.0,1.0,952,0
1300,2.0,2.0,952,2
1250,2.0,2.0,952,2
1050,2.0,2.0,952,2
875,2.0,1.5,952,0
597,1.0,1.0,952,0
2035,1.0,1.0,953,0
1366,2.0,1.0,953,0
925,2.0,2.0,953,2
820,1.0,1.0,953,0
2995,2.0,2.0,954,2
1595,1.0,1.0,954,0
1395,2.0,2.0,954,2
1288,2.0,2.0,954,2
1949,2.0,1.0,955,0
1114,1.0,1.0,955,0
975,2.0,1.5,955,2
953,1.0,1.0,955,0
943,2.0,1.0,955,0
895,2.0,1.0,955,0
650,2.0,2.0,955,2
2695,2.0,2.0,956,2
1965,2.0,2.0,956,2
1965,2.0,2.0,956,2
1915,2.0,2.0,956,2
1915,2.0,2.0,956,2
1716,2.0,2.0,956,2
1699,1.0,1.0,956,0
930,2.0,1.0,956,0
810,1.0,1.0,956,0
2683,1.0,1.0,957,0
2245,2.0,1.0,957,0
2030,2.0,2.0,957,2
1795,2.0,2.0,957,2
1107,1.0,1.0,957,0
1060,2.0,1.0,957,0
799,2.0,2.0,957,2
1500,2.0,1.0,958,0
1165,2.0,1.0,958,0
1073,2.0,2.0,958,2
1073,2.0,2.0,958,2
900,2.0,2.0,958,2
795,2.0,1.0,958,0
1700,2.0,1.0,959,0
1145,1.0,1.0,959,0
3388,1.0,1.0,960,0
2025,2.0,2.0,960,2
2000,2.0,1.0,960,0
1909,2.0,2.0,960,2
1550,1.0,1.0,960,0
1509,3.0,1.0,960,2
1500,3.0,2.0,960,2
1285,1.0,1.0,960,0
1272,2.0,1.0,960,0
1250,2.0,2.0,960,2
1125,2.0,1.0,960,0
1125,2.0,1.0,960,0
1115,2.0,1.0,960,0
1015,2.0,1.0,960,0
1015,2.0,2.0,960,2
1000,1.0,1.0,960,0
920,2.0,2.0,960,2
890,2.0,1.5,960,0
825,2.0,2.0,960,2
749,2.0,1.5,960,0
575,2.0,1.0,960,0
1575,2.0,1.0,961,0
1394,2.0,2.0,961,2
1039,2.0,2.0,961,2
1300,3.0,2.0,962,2
1095,1.0,1.0,962,0
995,3.0,1.5,962,2
950,2.0,2.0,962,2
850,2.0,2.0,962,2
778,2.0,2.0,962,2
2595,2.0,2.0,963,2
2124,2.0,2.0,963,2
1209,1.0,1.0,963,0
874,2.0,1.0,963,0
1840,2.0,2.0,964,2
1840,2.0,2.0,964,2
1840,2.0,2.0,964,2
1825,2.0,2.0,964,2
1800,2.0,2.0,964,2
1689,2.0,2.0,964,2
1669,2.0,2.0,964,2
1475,2.0,1.0,964,0
1455,2.0,1.0,964,0
1440,2.0,2.0,964,2
1300,2.0,1.0,964,0
1240,2.0,2.0,964,2
1200,1.0,1.0,964,0
1075,2.0,1.0,964,0
1009,2.0,2.0,964,2
3650,2.0,1.0,965,0
1442,2.0,2.0,965,2
1250,2.0,1.5,965,2
954,2.0,2.0,965,2
879,1.0,1.0,965,0
760,1.0,1.0,965,0
1675,2.0,1.0,966,0
1579,2.0,1.0,966,0
1555,2.0,2.0,966,2
1330,2.0,2.0,966,2
1069,2.0,2.0,966,2
975,2.0,2.0,966,2
750,2.0,1.5,966,0
2450,2.0,2.0,967,2
1900,2.0,1.0,967,0
1849,2.0,2.0,967,2
1675,1.0,1.0,967,0
1180,2.0,2.0,967,2
1135,1.0,1.0,967,0
853,2.0,2.0,967,2
685,2.0,2.0,967,2
1450,1.0,1.0,968,0
1178,2.0,1.5,968,2
1148,2.0,1.5,968,2
984,2.0,1.0,968,0
1435,1.0,2.0,969,2
1055,1.0,1.0,969,0
950,2.0,1.5,969,2
2275,2.0,2.0,970,2
2125,2.0,2.0,970,2
2050,2.0,1.0,970,0
2015,2.0,1.0,970,0
1735,2.0,2.0,970,2
1692,2.0,2.0,970,2
1635,2.0,2.0,970,2
1150,1.0,1.0,970,0
1150,2.0,1.0,970,0
1115,2.0,1.0,970,0
1050,2.0,1.0,970,0
900,2.0,1.5,970,2
785,2.0,1.0,970,0
785,2.0,1.0,970,0
2560,2.0,2.0,972,2
2070,2.0,1.5,972,2
1785,2.0,2.0,972,2
1475,4.0,1.0,972,2
1280,2.0,1.5,972,2
1118,2.0,2.0,972,2
1000,2.0,2.0,972,2
760,2.0,2.0,972,2
3070,2.0,2.0,973,2
1885,1.0,1.0,973,0
1440,2.0,2.0,973,2
1425,1.0,1.0,973,0
750,2.0,1.0,973,0
1365,2.0,2.0,974,2
1355,2.0,2.0,974,2
969,2.0,2.0,974,2
2650,2.0,2.0,975,2
2120,1.0,1.0,975,0
2040,2.0,1.0,975,0
1950,2.0,1.0,975,0
1600,1.0,1.0,975,0
1570,2.0,2.0,975,2
1497,3.0,1.0,975,2
1450,2.0,1.5,975,2
1405,2.0,1.0,975,0
1400,2.0,1.0,975,0
1355,2.0,1.0,975,0
1355,2.0,1.0,975,0
1340,2.0,1.0,975,0
1260,3.0,1.0,975,2
1205,2.0,1.0,975,0
1169,2.0,2.0,975,2
895,2.0,1.0,975,0
875,2.0,2.0,975,2
800,2.0,2.0,975,2
795,1.0,1.0,975,0
625,2.0,1.0,975,0
625,2.0,1.0,975,0
425,1.0,1.0,975,0
2620,2.0,2.0,976,2
2620,2.0,2.0,976,2
2315,2.0,2.0,976,2
1990,2.0,2.0,976,2
1455,1.0,1.0,976,0
1429,2.0,2.0,976,2
1060,2.0,2.0,976,2
995,2.0,2.0,976,2
855,2.0,2.0,976,2
2500,2.0,2.0,977,2
2044,3.0,1.0,977,2
1426,2.0,2.0,977,2
1040,2.0,2.0,977,2
1505,2.0,1.0,978,0
1490,2.0,1.0,978,0
1295,2.0,1.0,978,0
2774,2.0,2.0,979,2
2295,2.0,2.0,979,2
1865,2.0,2.0,979,2
1285,2.0,2.0,979,2
940,2.0,1.0,979,0
2750,2.0,2.0,980,2
1950,2.0,1.5,980,2
1950,2.0,1.5,980,2
1900,1.0,1.0,980,0
1750,2.0,2.0,980,2
1490,1.0,2.0,980,2
1400,2.0,1.5,980,2
1399,2.0,1.0,980,0
1379,2.0,1.0,980,0
1345,1.0,1.0,980,0
1301,2.0,2.0,980,2
1185,1.0,1.0,980,0
1157,2.0,1.0,980,0
1103,2.0,1.0,980,0
1075,2.0,1.0,980,0
923,2.0,1.0,980,0
900,2.0,2.0,980,2
2552,1.0,1.0,981,0
1460,1.0,1.0,982,0
3400,2.0,2.0,983,2
3120,2.0,2.0,983,2
1915,2.0,2.0,983,2
1915,2.0,2.0,983,2
1798,2.0,2.0,983,2
1741,2.0,2.0,983,2
1950,2.0,2.0,984,2
1274,2.0,1.0,984,0
685,2.0,1.0,984,0
4469,2.0,2.0,985,2
2395,2.0,1.0,985,0
1375,2.0,1.5,985,2
1360,2.0,1.0,985,0
1220,2.0,1.0,985,0
1210,2.0,1.0,985,0
1000,1.0,1.0,985,0
2055,2.0,2.0,986,2
1950,1.0,1.0,986,0
1245,2.0,2.0,986,2
860,2.0,2.0,986,2
2445,2.0,2.5,988,2
1830,2.0,2.0,988,2
1620,2.0,2.0,988,2
1400,2.0,1.0,988,0
1395,2.0,1.0,988,0
975,2.0,2.0,988,2
920,2.0,2.0,988,2
750,2.0,2.0,988,2
2522,2.0,2.0,989,2
2195,2.0,1.0,989,0
1460,2.0,2.0,989,2
3400,4.0,2.0,990,2
1800,2.0,2.0,990,2
1470,2.0,1.0,990,0
1433,2.0,2.0,990,2
1300,2.0,1.0,990,0
1295,2.0,2.0,990,2
1049,1.0,1.0,990,0
920,2.0,1.5,990,2
1849,2.0,1.0,991,0
955,2.0,2.0,991,2
1695,3.0,1.0,992,2
1489,2.0,1.0,992,0
1352,2.0,2.0,992,2
1275,2.0,1.0,992,0
1465,1.0,1.0,993,0
1453,2.0,2.0,993,2
1290,2.0,1.5,993,2
1240,2.0,2.0,993,2
1149,2.0,2.0,994,2
945,2.0,1.0,994,0
935,2.0,1.0,994,0
900,2.0,2.0,994,2
2665,2.0,2.0,995,2
1350,1.0,1.0,995,0
1225,2.0,1.0,995,0
1225,2.0,1.0,995,0
2999,2.0,2.0,996,2
1930,2.0,2.0,996,2
1765,2.0,1.0,996,0
1042,2.0,2.0,996,2
945,2.0,2.0,996,2
758,2.0,1.0,996,0
705,2.0,1.0,996,0
1480,3.0,1.5,997,2
890,1.0,1.0,997,0
2530,1.0,1.0,998,0
1654,2.0,2.0,998,2
1500,1.0,1.0,998,0
1278,2.0,2.0,998,2
1159,2.0,2.0,999,2
1145,1.0,1.0,999,0
4500,2.0,1.0,1000,2
4200,2.0,1.0,1000,2
3995,1.0,1.0,1000,0
3495,1.0,1.5,1000,0
3400,2.0,1.0,1000,0
2998,1.0,1.0,1000,0
2995,2.0,1.0,1000,0
2970,3.0,1.0,1000,2
2950,1.0,1.0,1000,0
2950,1.0,1.0,1000,0
2850,2.0,1.0,1000,0
2800,2.0,2.0,1000,2
2733,2.0,2.0,1000,2
2700,3.0,1.5,1000,2
2695,2.0,2.0,1000,2
2650,2.0,2.0,1000,2
2589,2.0,2.0,1000,2
2495,3.0,2.0,1000,2
2380,1.0,1.0,1000,0
2336,2.0,2.0,1000,2
2315,2.0,1.0,1000,0
2275,2.0,2.0,1000,2
2250,4.0,1.0,1000,2
2200,2.0,2.0,1000,2
2200,3.0,1.0,1000,2
2200,2.0,1.0,1000,0
2198,2.0,2.0,1000,2
2092,2.0,1.0,1000,0
2050,2.0,2.0,1000,2
2050,2.0,2.0,1000,2
2020,4.0,2.0,1000,2
2010,3.0,2.0,1000,2
1995,2.0,2.0,1000,2
1995,0.0,1.0,1000,0
1980,3.0,1.0,1000,2
1949,2.0,2.0,1000,2
1900,2.0,1.0,1000,0
1880,2.0,1.0,1000,0
1850,2.0,1.0,1000,0
1810,2.0,1.0,1000,0
1795,2.0,2.0,1000,2
1780,4.0,2.0,1000,2
1750,2.0,1.0,1000,0
1750,3.0,2.0,1000,2
1700,2.0,1.0,1000,0
1685,1.0,1.0,1000,0
1680,4.0,2.0,1000,2
1659,2.0,2.0,1000,2
1600,2.0,1.5,1000,2
1600,2.0,1.0,1000,0
1590,2.0,2.0,1000,2
1560,2.0,2.0,1000,2
1555,2.0,1.5,1000,2
1520,2.0,1.0,1000,0
1515,2.0,2.0,1000,2
1500,2.0,1.0,1000,0
1499,2.0,1.5,1000,2
1499,2.0,2.0,1000,2
1475,3.0,1.0,1000,2
1465,2.0,1.0,1000,0
1457,2.0,2.0,1000,2
1450,1.0,1.5,1000,0
1399,2.0,1.0,1000,0
1395,2.0,1.0,1000,0
1350,2.0,1.0,1000,0
1350,3.0,1.0,1000,2
1300,2.0,1.0,1000,0
1300,2.0,1.0,1000,0
1295,2.0,1.0,1000,0
1275,2.0,1.0,1000,0
1259,2.0,2.0,1000,2
1247,2.0,1.0,1000,0
1210,2.0,2.0,1000,2
1210,2.0,2.0,1000,2
1200,2.0,1.0,1000,0
1200,3.0,1.0,1000,2
1200,2.0,1.0,1000,0
1200,2.0,2.0,1000,2
1150,2.0,1.0,1000,0
1150,1.0,1.0,1000,0
1105,2.0,2.0,1000,2
1100,2.0,1.0,1000,0
1100,1.0,1.0,1000,0
1099,2.0,1.5,1000,2
1095,2.0,1.0,1000,0
1092,2.0,2.0,1000,2
1070,2.0,2.0,1000,2
1049,2.0,2.0,1000,2
1000,2.0,1.0,1000,0
1000,2.0,1.0,1000,0
1000,2.0,1.5,1000,2
999,2.0,2.0,1000,2
995,2.0,1.0,1000,0
995,2.0,2.0,1000,2
990,2.0,1.0,1000,0
975,2.0,2.0,1000,2
975,2.0,1.0,1000,0
960,2.0,1.0,1000,0
930,2.0,2.0,1000,2
930,2.0,2.0,1000,2
919,2.0,2.0,1000,2
909,2.0,1.5,1000,2
902,2.0,1.5,1000,2
900,2.0,1.0,1000,0
900,2.0,1.0,1000,0
900,2.0,1.0,1000,0
900,2.0,1.0,1000,0
895,2.0,2.0,1000,2
875,3.0,2.0,1000,2
850,2.0,1.0,1000,0
850,2.0,2.0,1000,2
835,2.0,1.0,1000,0
825,2.0,1.0,1000,0
800,2.0,1.0,1000,0
795,2.0,2.0,1000,2
780,2.0,2.0,1000,2
780,2.0,1.0,1000,0
750,2.0,2.0,1000,2
745,1.0,1.0,1000,0
740,2.0,1.0,1000,0
725,2.0,1.0,1000,0
699,2.0,1.0,1000,0
695,2.0,1.0,1000,0
625,2.0,1.0,1000,0
600,2.0,1.0,1000,0
2693,1.0,1.0,1001,0
2875,2.0,2.0,1002,2
1660,2.0,1.5,1002,2
1386,2.0,2.0,1002,2
1361,2.0,2.0,1002,2
1300,3.0,1.0,1002,2
1180,2.0,2.0,1002,2
1175,1.0,1.0,1002,0
1095,2.0,2.0,1002,2
875,2.0,1.0,1002,0
791,2.0,1.0,1002,0
1060,1.0,1.0,1003,0
877,1.0,1.0,1003,0
1999,2.0,2.0,1004,2
1809,2.0,2.0,1004,2
1600,2.0,1.0,1004,0
1460,2.0,1.0,1004,0
1445,2.0,2.0,1004,2
1110,2.0,2.0,1004,2
2150,2.0,2.0,1005,2
1075,2.0,1.0,1005,0
1030,2.0,1.0,1005,0
1315,2.0,1.0,1006,0
1170,2.0,2.0,1006,2
915,2.0,2.0,1006,2
800,3.0,1.5,1006,2
2095,3.0,2.0,1007,2
910,2.0,2.0,1007,2
2640,3.0,3.0,1008,2
2300,4.0,2.0,1008,2
2195,2.0,2.0,1008,2
2152,1.0,1.0,1008,0
1939,2.0,2.0,1008,2
1750,4.0,2.0,1008,2
1475,2.0,2.0,1008,2
1370,1.0,1.0,1008,0
1255,2.0,2.0,1008,2
1150,2.0,2.0,1008,2
1084,1.0,1.0,1008,0
1069,3.0,1.0,1008,2
915,3.0,1.0,1008,2
875,2.0,1.5,1008,2
710,2.0,1.5,1008,2
705,2.0,1.0,1008,0
1580,2.0,2.0,1009,2
1567,1.0,1.5,1009,0
1448,1.0,1.5,1009,0
1230,1.0,1.0,1009,0
1199,2.0,2.0,1009,2
2850,2.0,2.0,1010,2
1900,1.0,1.0,1010,0
1679,2.0,2.0,1010,2
1450,2.0,2.0,1010,2
1120,2.0,1.0,1010,0
670,2.0,1.0,1010,0
1250,2.0,1.0,1011,0
1185,2.0,2.0,1011,2
1150,2.0,2.0,1011,2
2120,4.0,2.0,1012,2
1170,1.0,2.0,1012,2
1160,2.0,2.0,1012,2
1276,2.0,2.0,1013,2
1218,2.0,1.0,1013,0
3940,2.0,2.0,1014,2
2446,2.0,2.0,1014,2
2255,2.0,2.0,1014,2
1768,2.0,2.0,1014,2
1595,2.0,2.0,1014,2
1595,2.0,2.0,1014,2
1268,2.0,2.0,1014,2
1399,2.0,1.0,1015,0
1263,2.0,1.5,1015,2
1050,2.0,1.0,1015,0
945,2.0,2.0,1015,2
888,2.0,2.0,1015,2
725,2.0,2.0,1015,2
650,2.0,1.0,1015,0
2270,2.0,2.0,1016,2
1325,2.0,2.0,1016,2
1120,2.0,2.0,1016,2
655,2.0,1.0,1016,0
2900,2.0,2.0,1017,2
2820,1.0,1.0,1017,0
2085,2.0,2.0,1017,2
1850,2.0,2.0,1017,2
1000,1.0,1.0,1017,0
949,2.0,2.0,1017,2
641,2.0,2.0,1018,2
2900,1.0,1.0,1019,0
1575,3.0,2.0,1019,2
1375,1.0,1.0,1019,0
1320,2.0,1.0,1019,0
5495,2.0,2.0,1020,2
2568,2.0,2.0,1020,2
1870,2.0,1.0,1020,0
1440,2.0,2.0,1020,2
1429,2.0,2.0,1020,2
1376,2.0,1.0,1020,0
1337,3.0,1.0,1020,2
1317,3.0,1.0,1020,2
1271,2.0,2.0,1020,2
1150,3.0,2.0,1020,2
1075,2.0,2.0,1020,2
950,2.0,1.5,1020,2
856,2.0,1.0,1020,0
825,2.0,1.0,1020,0
799,2.0,2.0,1020,2
799,2.0,2.0,1020,2
795,1.0,1.0,1020,0
2175,2.0,2.0,1021,2
1015,2.0,2.0,1021,2
2542,2.0,2.0,1022,2
1599,2.0,2.0,1022,2
1450,2.0,2.0,1022,2
1338,3.0,1.0,1022,2
1115,2.0,2.0,1022,2
700,1.0,2.0,1022,0
3063,2.0,1.0,1023,0
2595,2.0,2.5,1023,2
1825,2.0,2.0,1023,2
1750,2.0,2.0,1023,2
1448,2.0,2.0,1023,2
1435,2.0,2.0,1023,2
1360,2.0,2.0,1023,2
1216,2.0,1.0,1023,0
1599,2.0,2.0,1024,2
1450,1.0,1.0,1024,0
1325,2.0,1.5,1024,2
1150,3.0,1.5,1024,2
1150,3.0,1.5,1024,2
1100,2.0,2.0,1024,2
1050,2.0,2.0,1024,2
690,2.0,1.5,1024,2
4195,1.0,1.0,1025,0
2898,2.0,1.5,1025,2
2595,2.0,2.0,1025,2
2595,3.0,2.0,1025,2
1735,2.0,1.5,1025,2
1600,2.0,2.0,1025,2
1475,2.0,1.0,1025,0
1250,2.0,2.0,1025,2
1175,2.0,2.0,1025,2
855,2.0,1.0,1025,0
800,2.0,1.5,1025,2
2295,2.0,2.0,1026,2
2069,2.0,2.0,1026,2
1149,2.0,1.0,1026,0
1672,2.0,2.0,1027,2
1495,2.0,1.0,1027,0
1068,2.0,2.0,1027,2
1023,2.0,2.0,1027,2
4050,2.0,2.0,1028,2
2990,2.0,2.0,1028,2
1495,2.0,1.0,1028,0
1390,1.0,1.0,1028,0
1054,2.0,2.0,1028,2
979,2.0,2.0,1028,2
1975,2.0,2.0,1029,2
1695,3.0,1.0,1029,2
4505,2.0,2.0,1030,2
1850,1.0,1.0,1030,0
1724,2.0,2.0,1030,2
1699,2.0,2.0,1030,2
1690,2.0,2.0,1030,2
1625,2.0,2.0,1030,2
1600,3.0,1.0,1030,2
1505,1.0,1.0,1030,0
1238,2.0,2.0,1030,2
1225,1.0,1.0,1030,0
1150,2.0,2.0,1030,2
933,2.0,1.5,1030,2
3950,2.0,2.0,1031,2
2977,2.0,2.0,1031,2
2665,2.0,2.0,1031,2
1175,2.0,2.0,1031,2
3739,2.0,2.0,1032,2
2415,3.0,2.0,1032,2
1999,2.0,2.0,1033,2
1890,1.0,2.0,1033,2
2433,2.0,2.0,1034,2
1870,2.0,1.0,1034,0
1550,2.0,2.0,1034,2
1490,2.0,2.0,1034,2
1341,2.0,2.0,1034,2
1326,2.0,2.0,1034,2
1275,2.0,2.0,1034,2
1163,2.0,1.5,1034,2
910,1.0,1.0,1034,0
1980,4.0,2.0,1035,2
1229,2.0,2.0,1035,2
775,2.0,1.0,1035,0
674,1.0,1.0,1035,0
2305,2.0,2.0,1036,2
2305,2.0,2.0,1036,2
1790,2.0,2.0,1036,2
1700,2.0,2.0,1036,2
1330,2.0,2.0,1036,2
1320,2.0,2.0,1036,2
1195,2.0,1.0,1036,0
1095,2.0,1.0,1036,0
1070,2.0,2.0,1036,2
1060,2.0,2.0,1036,2
1470,3.0,2.0,1037,2
1141,1.0,1.0,1037,0
1750,2.0,1.0,1038,0
1079,2.0,2.0,1038,2
1069,2.0,2.0,1038,2
1029,2.0,2.0,1038,2
949,2.0,2.0,1038,2
2925,1.0,1.0,1039,0
1589,2.0,2.0,1039,2
1315,1.0,1.0,1039,0
1215,2.0,2.0,1039,2
3300,2.0,2.0,1040,2
2500,2.0,2.0,1040,2
1735,2.0,2.5,1040,2
1250,2.0,1.5,1040,2
1120,2.0,2.0,1040,2
1118,2.0,2.0,1040,2
1010,2.0,2.0,1040,2
930,2.0,1.5,1040,2
875,2.0,2.0,1040,2
855,2.0,2.0,1040,2
795,2.0,2.0,1040,2
785,2.0,2.0,1040,2
5450,2.0,2.0,1041,2
1609,3.0,2.0,1041,2
2401,2.0,2.0,1042,2
1785,2.0,2.0,1042,2
1317,2.0,2.0,1042,2
1175,2.0,1.0,1042,0
1039,2.0,2.0,1042,2
1020,2.0,2.0,1042,2
2135,2.0,2.0,1043,2
1575,2.0,2.0,1043,2
1410,2.0,2.0,1043,2
1745,1.0,1.0,1044,0
1375,2.0,2.0,1044,2
1047,1.0,1.0,1044,0
946,2.0,1.0,1044,0
883,2.0,2.0,1044,2
6500,0.0,1.0,1045,0
1479,2.0,2.0,1045,2
1336,2.0,2.0,1045,2
1099,2.0,2.0,1046,2
1195,2.0,2.0,1047,2
799,2.0,1.5,1047,2
2445,2.0,2.0,1048,2
3874,2.0,2.0,1049,2
1650,2.0,2.0,1049,2
3300,4.0,1.0,1050,2
3200,2.0,1.0,1050,0
3199,2.0,1.0,1050,0
3145,2.0,1.0,1050,0
2795,2.0,1.0,1050,0
2795,2.0,2.0,1050,2
2760,2.0,2.0,1050,2
2740,2.0,2.0,1050,2
2310,2.0,1.0,1050,0
2195,2.0,2.0,1050,2
2095,2.0,2.0,1050,2
1955,2.0,2.0,1050,2
1795,2.0,1.0,1050,0
1595,2.0,1.0,1050,0
1585,2.0,1.5,1050,2
1550,3.0,1.0,1050,2
1519,2.0,2.0,1050,2
1465,1.0,1.0,1050,0
1424,3.0,1.0,1050,2
1415,2.0,2.0,1050,2
1325,2.0,1.0,1050,0
1295,2.0,2.0,1050,2
1286,2.0,2.0,1050,2
1275,2.0,2.0,1050,2
1270,2.0,2.0,1050,2
1255,2.0,1.0,1050,0
1250,2.0,2.0,1050,2
1225,2.0,2.0,1050,2
1153,2.0,2.0,1050,2
1150,2.0,2.0,1050,2
1134,2.0,2.0,1050,2
1125,2.0,1.0,1050,0
1100,1.0,1.0,1050,0
1100,2.0,2.0,1050,2
1099,3.0,1.0,1050,2
1095,1.0,1.0,1050,0
1050,1.0,1.0,1050,0
1045,2.0,2.0,1050,2
1025,2.0,2.0,1050,2
1025,2.0,1.0,1050,0
960,3.0,1.0,1050,2
939,2.0,2.0,1050,2
920,3.0,1.0,1050,2
919,1.0,1.0,1050,0
900,2.0,1.0,1050,0
895,2.0,1.0,1050,0
885,2.0,2.0,1050,2
885,2.0,1.5,1050,2
840,1.0,1.0,1050,0
750,3.0,1.0,1050,2
750,3.0,1.0,1050,2
699,2.0,1.5,1050,2
684,2.0,2.0,1050,2
1540,2.0,1.5,1051,2
1450,2.0,2.0,1051,2
1800,2.0,2.0,1052,2
1650,1.0,1.0,1052,0
1570,1.0,1.0,1052,0
1265,2.0,2.0,1052,2
1130,2.0,2.0,1052,2
1079,2.0,2.0,1052,2
2550,2.0,2.0,1053,2
2500,1.0,1.0,1053,0
1965,2.0,2.0,1053,2
2675,2.0,2.0,1054,2
1125,2.0,2.0,1054,2
1095,2.0,2.0,1054,2
1095,2.0,2.0,1054,2
900,2.0,2.0,1054,2
1950,1.0,1.0,1055,0
1398,1.0,1.0,1055,0
1359,1.0,1.0,1055,0
1225,2.0,2.0,1055,2
1680,4.0,2.0,1056,2
1100,2.0,1.5,1056,2
995,2.0,2.5,1056,2
799,2.0,2.0,1056,2
1435,2.0,2.0,1057,2
975,2.0,2.0,1057,2
2098,2.0,2.0,1058,2
1845,2.0,2.0,1058,2
1490,2.0,1.0,1058,0
1425,2.0,2.0,1058,2
1425,2.0,2.0,1058,2
1005,2.0,2.0,1058,2
2446,2.0,2.0,1059,2
1495,2.0,2.0,1059,2
1350,2.0,2.5,1059,2
1135,2.0,2.0,1059,2
845,2.0,2.0,1059,2
2966,2.0,2.0,1060,2
2900,2.0,2.0,1060,2
2495,2.0,2.0,1060,2
2250,2.0,1.0,1060,0
2095,2.0,2.0,1060,2
1443,2.0,2.0,1060,2
1435,2.0,1.5,1060,2
1435,2.0,1.5,1060,2
1335,2.0,1.0,1060,0
1329,2.0,2.0,1060,2
1142,2.0,2.0,1060,2
1109,2.0,1.0,1060,0
1060,2.0,2.0,1060,2
1060,2.0,2.0,1060,2
915,2.0,2.0,1060,2
775,2.0,1.0,1060,0
3397,2.0,2.0,1061,2
2065,2.0,2.0,1061,2
1885,2.0,2.0,1061,2
1195,2.0,2.0,1061,2
4550,2.0,2.0,1062,2
1815,2.0,2.0,1062,2
1638,2.0,2.0,1062,2
1628,2.0,2.0,1062,2
1992,2.0,2.0,1063,2
1515,3.0,1.5,1063,2
1198,2.0,2.0,1063,2
956,2.0,2.0,1063,2
925,2.0,2.0,1063,2
875,2.0,2.0,1063,2
1550,2.0,2.0,1064,2
1518,2.0,2.0,1064,2
1499,3.0,2.0,1064,2
1496,4.0,2.0,1064,2
1400,2.0,2.0,1064,2
575,2.0,2.0,1064,2
2500,2.0,2.0,1065,2
1300,2.0,2.0,1065,2
1275,2.0,2.0,1065,2
1275,2.0,2.0,1065,2
877,2.0,2.0,1065,2
867,2.0,2.0,1065,2
2398,2.0,2.0,1066,2
1315,3.0,2.0,1066,2
1285,2.0,2.0,1066,2
1400,2.0,1.0,1067,0
976,2.0,1.0,1067,0
850,2.0,2.0,1067,2
845,2.0,2.0,1067,2
1460,2.0,2.0,1068,2
1350,2.0,2.0,1068,2
1215,2.0,2.0,1068,2
1821,2.0,2.0,1069,2
1540,2.0,2.0,1069,2
1530,2.0,2.0,1069,2
1249,2.0,2.0,1069,2
1079,2.0,2.0,1069,2
3300,3.0,1.0,1070,2
2605,2.0,2.0,1070,2
2550,3.0,2.0,1070,2
2430,2.0,2.0,1070,2
2200,2.0,1.0,1070,0
1950,2.0,2.0,1070,2
1705,2.0,1.0,1070,0
2946,2.0,2.0,1071,2
1240,2.0,2.0,1071,2
1100,3.0,2.0,1071,2
1765,2.0,2.0,1072,2
1080,3.0,1.5,1072,2
1039,2.0,2.0,1072,2
902,2.0,1.0,1072,0
4124,2.0,2.0,1073,2
2255,1.0,1.0,1073,0
1000,2.0,1.0,1073,0
850,2.0,1.0,1073,0
3385,2.0,2.0,1074,2
789,2.0,2.0,1074,2
770,2.0,2.0,1074,2
3200,2.0,1.0,1075,0
2701,2.0,2.0,1075,2
1765,2.0,2.0,1075,2
1500,2.0,2.0,1075,2
1350,2.0,1.5,1075,2
1199,2.0,1.0,1075,0
1199,3.0,1.0,1075,2
1185,1.0,1.0,1075,0
995,2.0,1.0,1075,0
975,2.0,2.0,1075,2
970,2.0,2.0,1075,2
919,2.0,2.0,1075,2
870,2.0,1.0,1075,0
825,2.0,2.0,1075,2
1920,2.0,2.0,1076,2
1800,2.0,2.0,1076,2
1800,2.0,2.0,1076,2
1300,1.0,1.0,1076,0
600,2.0,2.0,1076,2
1910,2.0,2.0,1077,2
1835,2.0,2.0,1077,2
1740,2.0,2.0,1077,2
1225,2.0,2.0,1077,2
1100,2.0,2.0,1077,2
1050,2.0,1.0,1077,0
745,1.0,1.0,1078,0
2470,2.0,1.0,1079,0
2625,3.0,1.5,1080,2
2340,2.0,2.0,1080,2
1595,3.0,1.5,1080,2
1350,2.0,2.0,1080,2
1235,2.0,1.0,1080,0
1189,2.0,2.0,1080,2
1139,2.0,2.0,1080,2
1111,2.0,2.0,1080,2
1081,2.0,2.0,1080,2
995,2.0,2.0,1080,2
985,2.0,1.0,1080,0
925,3.0,2.0,1080,2
2120,2.0,2.0,1081,2
2200,2.0,2.5,1082,2
1764,2.0,2.0,1082,2
1395,2.0,2.0,1082,2
1255,2.0,2.0,1082,2
2600,1.0,1.0,1083,0
3855,1.0,1.0,1084,0
1813,2.0,2.0,1084,2
1759,1.0,1.0,1084,0
1672,2.0,2.0,1084,2
1515,2.0,2.0,1084,2
1500,2.0,2.0,1084,2
1495,2.0,2.0,1084,2
1414,2.0,2.0,1084,2
1893,2.0,2.0,1085,2
1814,2.0,2.0,1085,2
1655,2.0,2.0,1085,2
1390,2.0,2.0,1085,2
1290,2.0,2.0,1085,2
1100,2.0,2.0,1085,2
963,2.0,2.0,1085,2
695,2.0,1.0,1085,0
2045,2.0,2.0,1086,2
1501,2.0,2.0,1086,2
1356,2.0,2.0,1086,2
1658,2.0,2.0,1087,2
1638,2.0,2.0,1087,2
1575,2.0,2.0,1087,2
1550,2.0,2.0,1087,2
1206,2.0,1.0,1087,0
838,2.0,2.0,1087,2
3505,2.0,2.0,1088,2
2425,2.0,1.5,1088,2
2005,2.0,2.0,1088,2
1650,2.0,1.0,1088,0
1638,2.0,2.0,1088,2
725,2.0,1.0,1088,0
675,2.0,2.0,1088,2
1945,3.0,1.0,1089,2
1935,2.0,2.0,1089,2
2320,2.0,2.0,1090,2
2300,1.0,1.0,1090,0
2119,2.0,2.0,1090,2
1879,2.0,2.0,1090,2
1100,2.0,1.0,1090,0
2219,2.0,2.0,1091,2
1345,2.0,1.0,1091,0
1195,2.0,2.0,1091,2
1650,2.0,1.0,1092,0
975,3.0,1.5,1092,2
875,2.0,2.0,1092,2
795,3.0,1.5,1092,2
2240,2.0,2.0,1093,2
2047,2.0,2.0,1093,2
2047,2.0,2.0,1093,2
1694,2.0,2.0,1093,2
1131,2.0,2.0,1093,2
800,2.0,1.5,1093,2
3942,2.0,2.0,1094,2
2220,2.0,2.0,1094,2
2150,2.0,2.0,1094,2
1319,2.0,2.0,1094,2
1025,2.0,2.0,1094,2
650,2.0,1.0,1094,0
1645,2.0,2.0,1095,2
1473,2.0,2.0,1095,2
1217,2.0,1.5,1095,2
1095,2.0,2.0,1095,2
1040,2.0,2.0,1095,2
975,2.0,2.0,1095,2
1450,2.0,2.0,1096,2
1225,2.0,2.0,1096,2
1225,2.0,2.0,1096,2
1135,2.0,2.0,1096,2
3751,2.0,2.0,1097,2
2183,2.0,2.0,1097,2
2150,3.0,2.0,1097,2
2075,3.0,2.0,1097,2
1619,2.0,2.0,1097,2
1480,2.0,2.0,1097,2
1061,1.0,1.5,1097,0
1850,2.0,2.0,1098,2
1840,2.0,2.0,1098,2
1648,3.0,1.0,1098,2
1600,1.0,1.0,1098,0
1499,2.0,1.5,1098,2
1194,2.0,2.5,1098,2
1184,2.0,2.5,1098,2
874,3.0,2.0,1098,2
3179,2.0,2.0,1099,2
1320,2.0,2.0,1099,2
6200,1.0,1.0,1100,0
3800,2.0,2.0,1100,2
3600,3.0,2.0,1100,2
3500,3.0,2.0,1100,2
3390,2.0,2.0,1100,2
3200,2.0,1.0,1100,0
3000,2.0,1.5,1100,2
3000,2.0,2.0,1100,2
2925,2.0,2.0,1100,2
2905,2.0,2.0,1100,2
2900,2.0,1.0,1100,0
2895,2.0,2.0,1100,2
2895,2.0,1.0,1100,0
2799,2.0,2.0,1100,2
2700,1.0,1.0,1100,0
2630,2.0,2.0,1100,2
2450,2.0,2.0,1100,2
2350,3.0,2.0,1100,2
2200,2.0,1.0,1100,0
2155,2.0,1.5,1100,2
1995,2.0,2.0,1100,2
1950,2.0,2.0,1100,2
1895,3.0,1.0,1100,2
1850,3.0,1.0,1100,2
1810,2.0,2.0,1100,2
1800,1.0,2.0,1100,2
1800,1.0,1.0,1100,0
1774,2.0,2.0,1100,2
1750,2.0,1.0,1100,0
1750,2.0,2.0,1100,2
1699,3.0,1.5,1100,2
1650,4.0,2.0,1100,2
1650,3.0,2.5,1100,2
1599,2.0,2.0,1100,2
1595,2.0,1.0,1100,0
1550,2.0,1.0,1100,0
1550,2.0,1.0,1100,0
1525,2.0,1.0,1100,0
1525,2.0,1.0,1100,0
1525,3.0,1.0,1100,2
1495,2.0,1.0,1100,0
1490,3.0,1.0,1100,2
1465,2.0,2.0,1100,2
1450,2.0,2.0,1100,2
1400,3.0,2.0,1100,2
1399,2.0,2.0,1100,2
1360,2.0,1.0,1100,0
1350,3.0,2.5,1100,2
1349,2.0,1.0,1100,0
1325,2.0,1.0,1100,0
1300,2.0,1.0,1100,0
1300,2.0,1.0,1100,0
1275,2.0,2.0,1100,2
1265,2.0,2.0,1100,2
1250,2.0,2.0,1100,2
1250,2.0,1.0,1100,0
1249,3.0,1.0,1100,2
1220,2.0,2.0,1100,2
1200,4.0,2.0,1100,2
1199,2.0,2.0,1100,2
1135,2.0,2.0,1100,2
1132,2.0,2.0,1100,2
1120,2.0,1.0,1100,0
1100,3.0,2.0,1100,2
1100,2.0,1.5,1100,2
1099,2.0,2.0,1100,2
1099,2.0,2.0,1100,2
1050,2.0,1.0,1100,0
1050,2.0,2.0,1100,2
1050,2.0,2.0,1100,2
1025,2.0,1.0,1100,0
1010,2.0,2.0,1100,2
1000,2.0,2.0,1100,2
1000,2.0,2.0,1100,2
999,2.0,1.0,1100,0
990,2.0,1.5,1100,2
950,3.0,2.0,1100,2
925,2.0,2.0,1100,2
925,2.0,2.0,1100,2
900,2.0,2.0,1100,2
895,2.0,1.0,1100,0
895,2.0,2.0,1100,2
895,2.0,2.0,1100,2
895,2.0,2.0,1100,2
895,2.0,2.0,1100,2
888,2.0,1.5,1100,2
855,2.0,2.0,1100,2
850,2.0,2.0,1100,2
850,2.0,2.0,1100,2
825,3.0,2.0,1100,2
800,3.0,1.0,1100,2
795,2.0,1.5,1100,2
775,2.0,2.0,1100,2
750,1.0,1.0,1100,0
750,2.0,1.5,1100,2
750,3.0,1.0,1100,2
750,3.0,1.0,1100,2
700,2.0,2.0,1100,2
700,2.0,2.0,1100,2
1149,3.0,1.0,1101,2
985,2.0,2.0,1101,2
1090,2.0,2.0,1102,2
2992,2.0,2.0,1103,2
2992,2.0,2.0,1103,2
2944,2.0,2.0,1103,2
1789,2.0,2.0,1103,2
1595,2.0,2.0,1103,2
2791,2.0,2.0,1104,2
2791,2.0,2.0,1104,2
2791,2.0,2.0,1104,2
2595,2.0,2.0,1104,2
2462,2.0,2.0,1104,2
2215,2.0,2.0,1104,2
2135,2.0,2.0,1104,2
1695,2.0,2.0,1104,2
1210,2.0,2.0,1104,2
1202,2.0,2.0,1104,2
1175,4.0,2.0,1104,2
895,2.0,1.5,1104,2
2690,2.0,2.0,1105,2
2165,3.0,2.0,1105,2
2165,3.0,2.0,1105,2
2065,3.0,2.0,1105,2
2050,2.0,2.0,1105,2
800,3.0,2.0,1105,2
599,3.0,1.5,1105,2
1895,2.0,2.0,1106,2
1332,3.0,2.0,1106,2
1000,3.0,2.0,1106,2
725,2.0,1.0,1106,0
1650,3.0,2.0,1107,2
1595,3.0,2.0,1108,2
1113,3.0,2.0,1108,2
1100,2.0,2.0,1109,2
1100,2.0,2.0,1109,2
1050,2.0,2.0,1109,2
1050,2.0,2.0,1109,2
2296,4.0,1.0,1110,2
1879,2.0,2.0,1110,2
1643,2.0,2.0,1110,2
1499,3.0,2.0,1110,2
1428,2.0,2.0,1110,2
1399,2.0,2.0,1110,2
1315,2.0,2.0,1110,2
1029,2.0,2.0,1110,2
910,2.0,2.0,1110,2
1840,1.0,1.5,1111,0
1350,2.0,2.0,1111,2
2725,3.0,2.0,1112,2
1395,1.0,1.0,1112,0
1375,2.0,1.0,1112,0
1200,2.0,1.0,1112,0
2899,1.0,1.5,1113,0
2875,2.0,2.0,1113,2
2850,2.0,2.0,1113,2
2651,2.0,2.0,1113,2
1322,2.0,2.0,1113,2
1315,2.0,2.0,1113,2
1204,2.0,2.0,1113,2
3300,3.0,1.0,1114,2
1400,2.0,2.0,1114,2
1218,2.0,2.0,1114,2
2082,2.0,2.0,1115,2
1699,2.0,2.0,1115,2
1630,2.0,2.0,1115,2
1630,2.0,2.0,1115,2
1606,2.0,2.0,1115,2
1225,3.0,2.0,1115,2
963,2.0,2.0,1115,2
2077,2.0,1.5,1116,2
2028,2.0,2.0,1116,2
1687,2.0,2.0,1116,2
1180,2.0,2.0,1116,2
2340,2.0,2.0,1117,2
1995,1.0,1.5,1117,0
1299,3.0,2.0,1117,2
2100,2.0,2.0,1118,2
1100,3.0,2.0,1118,2
1050,2.0,2.0,1118,2
1050,2.0,2.0,1118,2
1050,2.0,2.0,1118,2
1050,2.0,2.0,1118,2
1050,2.0,2.0,1118,2
2620,2.0,2.0,1119,2
2355,1.0,1.0,1119,0
2355,1.0,1.0,1119,0
1895,2.0,2.0,1119,2
1299,3.0,2.0,1119,2
1249,3.0,2.0,1119,2
1185,2.0,2.0,1119,2
2850,3.0,2.0,1120,2
2286,2.0,2.0,1120,2
2265,2.0,2.0,1120,2
1775,2.0,2.0,1120,2
1715,2.0,2.0,1120,2
1675,2.0,2.0,1120,2
1600,2.0,2.0,1120,2
1525,2.0,1.0,1120,0
1499,3.0,1.5,1120,2
1275,2.0,2.0,1120,2
1225,2.0,2.0,1120,2
1125,3.0,2.0,1120,2
995,3.0,2.0,1120,2
2850,2.0,2.0,1121,2
2100,2.0,2.0,1121,2
1705,2.0,2.0,1121,2
1649,3.0,2.0,1121,2
1599,2.0,1.0,1121,0
1494,2.0,2.0,1121,2
802,3.0,2.0,1121,2
2025,2.0,2.0,1122,2
1950,2.0,2.0,1122,2
1344,2.0,2.0,1122,2
1275,3.0,2.0,1122,2
1200,2.0,2.0,1122,2
3776,2.0,2.0,1123,2
2395,2.0,2.0,1123,2
2345,2.0,2.0,1123,2
2093,1.0,1.0,1123,0
2093,1.0,1.0,1123,0
1700,2.0,2.0,1123,2
1549,2.0,2.0,1123,2
1470,2.0,2.0,1123,2
1449,2.0,2.0,1123,2
1449,2.0,2.0,1123,2
1088,2.0,2.0,1123,2
1516,2.0,2.0,1124,2
1373,2.0,2.0,1124,2
1295,1.0,1.0,1124,0
1274,2.0,1.0,1124,0
825,3.0,1.0,1124,2
598,2.0,2.0,1124,2
3800,2.0,2.0,1125,2
2995,2.0,2.0,1125,2
2950,2.0,2.0,1125,2
1950,2.0,2.0,1125,2
1770,2.0,2.0,1125,2
1540,2.0,1.0,1125,0
1405,2.0,2.0,1125,2
1250,2.0,2.0,1125,2
944,2.0,1.0,1125,0
694,3.0,2.0,1125,2
4797,2.0,2.0,1126,2
4654,2.0,2.0,1126,2
2899,2.0,2.0,1126,2
2295,3.0,2.0,1126,2
2295,3.0,2.0,1126,2
2295,3.0,2.0,1126,2
1905,2.0,2.0,1126,2
1100,2.0,2.0,1126,2
1795,2.0,2.0,1127,2
3796,2.0,2.0,1128,2
1515,2.0,2.0,1128,2
1199,3.0,2.0,1128,2
920,1.0,1.0,1128,0
3281,2.0,2.0,1129,2
3145,2.0,2.0,1129,2
2285,2.0,2.0,1129,2
1700,2.0,2.0,1129,2
1580,2.0,2.0,1129,2
1560,3.0,1.0,1129,2
1199,3.0,2.0,1129,2
1050,3.0,2.0,1129,2
1962,2.0,2.0,1130,2
1743,1.0,2.0,1130,2
1600,2.0,2.0,1130,2
1544,2.0,2.0,1130,2
1399,3.0,2.0,1130,2
1371,2.0,2.0,1130,2
1350,3.0,1.5,1130,2
1200,2.0,2.0,1130,2
1145,2.0,2.0,1130,2
900,2.0,2.0,1130,2
890,2.0,2.0,1130,2
640,3.0,2.0,1130,2
1778,2.0,2.0,1131,2
1514,2.0,2.0,1131,2
1328,2.0,2.0,1131,2
645,3.0,1.5,1131,2
2295,3.0,2.0,1132,2
2065,2.0,2.0,1132,2
1765,2.0,2.0,1132,2
1700,2.0,1.0,1132,0
1365,3.0,1.0,1132,2
895,2.0,2.0,1132,2
2900,2.0,2.0,1133,2
1610,2.0,2.0,1133,2
1130,2.0,2.0,1133,2
979,2.0,2.0,1133,2
3090,2.0,2.0,1134,2
2450,2.0,1.0,1134,0
1931,2.0,2.0,1134,2
1800,2.0,2.0,1134,2
1699,3.0,1.0,1134,2
1500,2.0,1.5,1134,2
1375,3.0,2.0,1134,2
1375,3.0,2.0,1134,2
1325,3.0,2.0,1134,2
930,2.0,1.5,1134,2
3565,2.0,2.0,1135,2
2650,2.0,2.0,1135,2
1745,2.0,2.0,1135,2
1685,2.0,2.0,1135,2
1125,3.0,2.0,1135,2
3167,2.0,2.0,1136,2
2345,2.0,2.5,1136,2
1460,2.0,2.0,1136,2
1270,2.0,2.0,1136,2
1220,2.0,2.0,1136,2
1185,1.0,2.0,1136,2
1145,2.0,1.0,1136,0
1105,2.0,1.0,1136,0
1065,2.0,1.0,1136,0
1119,3.0,2.0,1137,2
1890,3.0,2.0,1138,2
1650,3.0,1.0,1138,2
1525,2.0,2.0,1138,2
1525,2.0,2.0,1138,2
1400,2.0,2.0,1138,2
1250,2.0,2.0,1138,2
1009,2.0,1.5,1138,2
1000,2.0,2.5,1138,2
2040,2.0,2.0,1139,2
1900,2.0,2.0,1139,2
1595,2.0,2.0,1139,2
995,3.0,2.0,1139,2
5000,3.0,2.0,1140,2
3750,2.0,2.0,1140,2
3650,2.0,2.0,1140,2
1400,2.0,2.0,1140,2
1395,2.0,2.0,1140,2
1280,2.0,2.0,1140,2
1245,2.0,1.5,1140,2
1092,2.0,2.0,1140,2
1065,2.0,2.0,1140,2
1050,2.0,2.0,1140,2
1049,3.0,2.0,1140,2
775,2.0,2.0,1140,2
750,2.0,1.0,1140,0
3489,2.0,2.0,1141,2
1584,2.0,2.0,1141,2
1483,2.0,2.0,1141,2
1419,2.0,2.0,1141,2
1295,2.0,2.0,1141,2
1552,2.0,2.0,1142,2
2400,2.0,2.0,1143,2
2000,2.0,2.0,1143,2
1175,2.0,2.0,1143,2
990,2.0,2.0,1143,2
4272,2.0,2.0,1144,2
2195,2.0,2.0,1144,2
2191,2.0,2.0,1144,2
1500,2.0,2.0,1144,2
1123,2.0,2.0,1144,2
1119,2.0,2.0,1144,2
1118,2.0,2.0,1144,2
825,2.0,2.0,1144,2
1895,2.0,2.0,1145,2
1450,2.0,2.0,1145,2
1065,1.0,1.5,1145,0
1065,1.0,1.5,1145,0
2689,2.0,2.0,1147,2
900,2.0,2.0,1147,2
2835,3.0,3.0,1148,2
2400,2.0,2.0,1148,2
2195,2.0,2.0,1148,2
1850,2.0,2.0,1148,2
1095,2.0,2.0,1148,2
1025,2.0,1.5,1148,2
5900,1.0,1.0,1149,0
1270,2.0,2.0,1149,2
5790,2.0,2.0,1150,2
3750,2.0,2.0,1150,2
2695,2.0,1.5,1150,2
2400,4.0,1.0,1150,2
2325,2.0,2.0,1150,2
2171,2.0,2.0,1150,2
2101,2.0,2.0,1150,2
1995,2.0,2.0,1150,2
1900,4.0,2.0,1150,2
1900,1.0,1.0,1150,0
1800,2.0,1.5,1150,2
1488,3.0,1.5,1150,2
1450,2.0,1.5,1150,2
1429,2.0,2.0,1150,2
1350,3.0,2.0,1150,2
1150,2.0,1.0,1150,0
1150,2.0,1.0,1150,0
1130,2.0,2.0,1150,2
1050,3.0,1.0,1150,2
1050,3.0,1.5,1150,2
925,2.0,2.0,1150,2
895,2.0,1.5,1150,2
875,2.0,1.5,1150,2
850,3.0,1.0,1150,2
775,2.0,1.5,1150,2
775,2.0,1.5,1150,2
775,2.0,1.5,1150,2
709,2.0,2.5,1150,2
2710,2.0,2.0,1151,2
2375,1.0,1.0,1151,0
1875,3.0,1.5,1152,2
1825,2.0,2.0,1152,2
1795,3.0,2.0,1152,2
1554,2.0,2.0,1152,2
1475,3.0,2.0,1152,2
1249,2.0,2.0,1152,2
1244,3.0,2.0,1152,2
1005,2.0,2.0,1152,2
1000,2.0,2.5,1152,2
797,2.0,2.0,1152,2
795,3.0,2.0,1152,2
780,2.0,1.5,1152,2
1277,2.0,2.0,1153,2
650,2.0,2.0,1153,2
2347,2.0,2.0,1154,2
1700,2.0,2.0,1154,2
1179,2.0,2.0,1154,2
1179,2.0,2.0,1154,2
1095,2.0,2.0,1154,2
1095,2.0,2.0,1154,2
1095,2.0,2.0,1154,2
1095,2.0,2.0,1154,2
1062,2.0,2.0,1154,2
930,2.0,2.0,1154,2
2950,1.0,1.5,1155,0
2300,2.0,2.0,1155,2
2000,4.0,2.0,1155,2
1420,3.0,2.0,1155,2
975,3.0,1.5,1155,2
965,2.0,1.0,1156,0
1300,2.0,2.0,1157,2
2203,2.0,2.0,1158,2
1945,2.0,2.0,1158,2
1454,2.0,2.0,1158,2
1515,2.0,2.0,1159,2
1349,2.0,2.0,1159,2
962,3.0,2.0,1159,2
2205,2.0,2.0,1160,2
1525,2.0,2.0,1160,2
1191,2.0,2.5,1160,2
1095,2.0,2.0,1160,2
2140,2.0,2.0,1161,2
1922,2.0,2.0,1161,2
1185,2.0,2.0,1161,2
1776,2.0,2.0,1162,2
1690,2.0,2.0,1162,2
1650,3.0,2.0,1162,2
1240,2.0,2.5,1162,2
1240,2.0,2.5,1162,2
1140,2.0,2.5,1162,2
2385,2.0,2.0,1163,2
1550,2.0,1.5,1163,2
1150,3.0,2.0,1163,2
4360,2.0,2.0,1164,2
4207,2.0,2.0,1164,2
2200,2.0,1.5,1164,2
1625,2.0,2.0,1164,2
1150,2.0,1.5,1164,2
1299,3.0,2.0,1165,2
1210,1.0,1.0,1166,0
1025,3.0,1.5,1166,2
4120,2.0,2.0,1167,2
1510,2.0,2.0,1167,2
1250,2.0,1.5,1167,2
2050,2.0,2.0,1168,2
2020,2.0,2.0,1168,2
1400,3.0,2.0,1168,2
1205,2.0,2.0,1169,2
7900,2.0,2.0,1170,1
7400,5.0,2.0,1170,1
2042,2.0,2.0,1170,2
1650,3.0,2.0,1170,2
1561,2.0,2.0,1170,2
1534,1.0,1.0,1170,0
1515,3.0,3.0,1170,2
1309,2.0,2.0,1170,2
3036,1.0,1.0,1171,0
2350,2.0,2.0,1171,2
1885,2.0,2.0,1171,2
1599,4.0,2.0,1171,2
1465,2.0,2.0,1171,2
1450,2.0,2.0,1171,2
1370,2.0,2.0,1171,2
1300,2.0,2.0,1171,2
960,2.0,1.5,1171,2
1299,3.0,2.0,1172,2
1505,2.0,2.0,1173,2
1175,2.0,2.0,1173,2
1125,2.0,2.0,1173,2
1075,2.0,2.0,1173,2
1075,2.0,2.0,1173,2
1349,3.0,1.0,1174,2
845,2.0,2.0,1174,2
2185,2.0,2.0,1175,2
1699,2.0,2.0,1175,2
1475,3.0,2.0,1175,2
1435,2.0,2.0,1175,2
1400,2.0,2.0,1175,2
1285,2.0,2.0,1175,2
1285,2.0,2.0,1175,2
1260,2.0,2.0,1175,2
3000,2.0,2.0,1176,2
2766,2.0,2.0,1176,2
2350,4.0,1.0,1176,2
1499,3.0,2.0,1176,2
1450,3.0,1.0,1176,2
1300,3.0,2.0,1176,2
1275,3.0,2.0,1176,2
1199,3.0,1.0,1176,2
1915,2.0,2.0,1177,2
1500,2.0,2.0,1177,2
1250,3.0,2.0,1177,2
1219,2.0,2.0,1177,2
2699,4.0,2.0,1178,2
2000,2.0,1.0,1178,0
1589,2.0,2.0,1178,2
1589,2.0,2.0,1178,2
1174,2.0,2.0,1178,2
1450,2.0,2.0,1179,2
1445,2.0,2.0,1179,2
999,2.0,2.0,1179,2
1995,2.0,2.0,1180,2
1825,2.0,2.0,1180,2
1479,2.0,2.0,1180,2
1220,2.0,1.0,1180,0
1159,2.0,1.5,1180,2
945,2.0,1.5,1180,2
1488,2.0,2.0,1181,2
1027,3.0,2.0,1181,2
2200,2.0,2.0,1182,2
1939,2.0,2.0,1182,2
1675,2.0,2.0,1182,2
1399,3.0,2.0,1182,2
1300,3.0,2.0,1182,2
1225,3.0,2.0,1182,2
1210,2.0,2.0,1182,2
3080,2.0,2.0,1183,2
1650,2.0,2.0,1183,2
1635,2.0,2.0,1183,2
1497,2.0,2.0,1183,2
1195,2.0,1.0,1183,0
969,3.0,2.0,1183,2
1795,2.0,2.0,1184,2
1292,2.0,2.0,1184,2
1880,2.0,2.0,1185,2
1850,2.0,2.0,1185,2
1742,2.0,2.0,1185,2
1730,1.0,1.0,1185,0
1700,2.0,2.0,1185,2
1550,2.0,2.0,1185,2
1490,2.0,2.0,1185,2
1635,2.0,2.0,1186,2
1495,3.0,1.0,1186,2
1450,3.0,2.0,1186,2
1310,2.0,2.0,1186,2
1260,2.0,2.0,1186,2
1165,2.0,2.0,1186,2
825,2.0,1.5,1186,2
1675,2.0,2.0,1187,2
1524,2.0,2.0,1187,2
1509,2.0,2.0,1187,2
1445,3.0,2.0,1187,2
1090,2.0,1.0,1187,0
2300,3.0,2.0,1188,2
1699,2.0,2.0,1188,2
1695,2.0,1.0,1189,0
1534,2.0,2.0,1189,2
1159,2.0,2.0,1189,2
850,3.0,1.0,1189,2
2195,2.0,3.0,1190,2
1875,2.0,2.0,1190,2
1800,2.0,2.0,1190,2
1663,2.0,2.0,1190,2
1503,2.0,2.0,1190,2
1470,1.0,1.0,1190,0
3776,2.0,2.0,1191,2
2049,2.0,2.0,1191,2
1510,2.0,2.0,1191,2
1495,2.0,1.0,1191,0
1360,2.0,2.0,1191,2
2395,4.0,2.0,1192,2
2100,3.0,2.0,1192,2
1820,2.0,2.0,1192,2
1750,2.0,2.0,1192,2
1349,3.0,2.0,1192,2
1482,3.0,1.0,1193,2
1299,3.0,1.0,1193,2
642,2.0,1.0,1193,0
1210,2.0,2.0,1194,2
1850,2.0,2.0,1195,2
1850,2.0,2.0,1195,2
1845,2.0,2.0,1195,2
1500,2.0,2.0,1195,2
1500,2.0,2.0,1195,2
1177,2.0,2.0,1195,2
1170,2.0,2.0,1195,2
1092,2.0,2.0,1195,2
2250,2.0,2.0,1196,2
1320,3.0,2.0,1196,2
713,3.0,2.0,1196,2
2875,2.0,2.0,1197,2
2250,2.0,2.0,1197,2
1804,3.0,2.0,1197,2
1595,3.0,1.5,1197,2
2000,3.0,2.0,1198,2
1215,2.0,2.0,1198,2
1145,2.0,2.0,1198,2
2016,3.0,2.0,1199,2
1295,2.0,2.0,1199,2
5995,3.0,1.5,1200,2
4950,2.0,1.5,1200,2
3495,2.0,2.0,1200,2
3490,2.0,2.0,1200,2
3395,2.0,2.0,1200,2
3120,3.0,2.0,1200,2
2900,2.0,2.0,1200,2
2805,3.0,2.0,1200,2
2800,3.0,2.0,1200,2
2800,2.0,1.5,1200,2
2700,3.0,1.0,1200,2
2550,2.0,2.0,1200,2
2550,4.0,2.0,1200,2
2460,1.0,1.0,1200,0
2399,2.0,2.0,1200,2
2320,3.0,2.0,1200,2
2025,2.0,2.0,1200,2
2022,2.0,2.0,1200,2
2000,2.0,1.0,1200,0
1950,2.0,2.0,1200,2
1925,3.0,1.0,1200,2
1920,4.0,2.0,1200,2
1900,2.0,1.0,1200,0
1810,2.0,2.0,1200,2
1800,2.0,2.0,1200,2
1799,2.0,2.0,1200,2
1770,2.0,2.0,1200,2
1755,2.0,2.0,1200,2
1750,1.0,1.0,1200,0
1695,4.0,1.0,1200,2
1695,3.0,1.0,1200,2
1650,2.0,1.0,1200,0
1650,2.0,2.0,1200,2
1650,2.0,1.0,1200,0
1616,4.0,4.0,1200,1
1599,3.0,1.0,1200,2
1560,2.0,1.5,1200,2
1550,2.0,1.0,1200,0
1550,2.0,1.5,1200,2
1540,2.0,2.0,1200,2
1500,3.0,2.0,1200,2
1499,2.0,1.0,1200,0
1495,3.0,1.5,1200,2
1495,3.0,2.5,1200,2
1431,2.0,2.0,1200,2
1400,2.0,2.0,1200,2
1400,2.0,1.0,1200,0
1395,2.0,2.0,1200,2
1395,2.0,2.0,1200,2
1375,0.0,1.0,1200,0
1350,3.0,2.0,1200,2
1350,3.0,2.0,1200,2
1335,2.0,1.0,1200,0
1325,2.0,1.0,1200,0
1300,2.0,1.0,1200,0
1300,2.0,1.5,1200,2
1260,2.0,2.0,1200,2
1255,2.0,1.0,1200,0
1250,3.0,1.0,1200,2
1250,3.0,1.0,1200,2
1225,2.0,2.0,1200,2
1200,3.0,1.0,1200,2
1200,2.0,1.5,1200,2
1199,3.0,2.0,1200,2
1185,2.0,2.0,1200,2
1140,2.0,1.5,1200,2
1118,2.0,2.0,1200,2
1115,2.0,2.0,1200,2
1105,3.0,2.0,1200,2
1100,1.0,1.0,1200,0
1095,2.0,2.0,1200,2
1000,2.0,2.5,1200,2
1000,3.0,2.0,1200,2
999,2.0,2.5,1200,2
950,2.0,1.5,1200,2
945,2.0,1.0,1200,0
935,3.0,2.0,1200,2
925,2.0,1.5,1200,2
925,2.0,1.0,1200,0
921,2.0,1.0,1200,0
915,2.0,2.0,1200,2
900,3.0,2.0,1200,2
880,3.0,2.0,1200,2
875,2.0,2.0,1200,2
875,3.0,2.0,1200,2
875,2.0,2.0,1200,2
875,3.0,1.0,1200,2
860,3.0,2.0,1200,2
850,1.0,1.0,1200,0
850,0.0,1.0,1200,0
831,2.0,2.0,1200,2
820,2.0,2.5,1200,2
820,2.0,2.5,1200,2
795,2.0,2.0,1200,2
785,2.0,2.0,1200,2
750,2.0,1.5,1200,2
675,2.0,1.5,1200,2
675,2.0,1.0,1200,0
675,2.0,1.0,1200,0
625,2.0,1.0,1200,0
1702,2.0,2.0,1202,2
1249,3.0,2.0,1202,2
865,2.0,2.0,1202,2
1663,3.0,2.0,1203,2
1641,2.0,2.0,1203,2
1631,2.0,2.0,1203,2
1325,2.0,2.0,1203,2
3695,2.0,2.0,1204,2
1399,2.0,2.0,1204,2
1359,2.0,2.0,1204,2
949,2.0,2.5,1204,2
1787,2.0,2.0,1205,2
899,2.0,1.5,1205,2
1640,2.0,1.0,1207,0
1350,2.0,1.0,1207,0
1315,2.0,2.0,1207,2
1260,2.0,2.0,1207,2
2750,2.0,2.5,1208,2
2450,2.0,2.0,1208,2
2025,3.0,2.0,1208,2
1525,2.0,2.0,1208,2
1525,2.0,2.0,1208,2
1295,2.0,2.0,1208,2
1199,3.0,2.0,1208,2
1289,2.0,2.0,1209,2
1280,2.0,2.0,1209,2
5000,2.0,2.0,1210,2
1940,2.0,2.0,1210,2
1585,2.0,2.0,1210,2
1542,2.0,2.0,1210,2
1521,2.0,2.0,1210,2
1440,3.0,2.5,1210,2
1350,2.0,2.0,1210,2
1325,3.0,2.0,1210,2
1295,1.0,1.0,1211,0
1862,3.0,2.0,1212,2
1599,2.0,1.0,1212,0
2800,3.0,1.0,1213,2
1235,2.0,2.0,1213,2
1175,2.0,2.0,1213,2
3825,2.0,2.0,1214,2
1607,3.0,2.0,1214,2
1349,3.0,2.0,1214,2
985,3.0,1.0,1214,2
4528,2.0,2.0,1215,2
2125,2.0,2.0,1215,2
1815,2.0,2.0,1215,2
1450,2.0,1.0,1215,0
3850,3.0,1.5,1216,2
1349,3.0,2.0,1216,2
1245,3.0,2.0,1216,2
1770,3.0,2.0,1217,2
1115,3.0,2.0,1217,2
4103,2.0,2.5,1218,2
1755,2.0,2.0,1218,2
1449,3.0,2.0,1218,2
1430,2.0,2.0,1218,2
1295,2.0,2.5,1218,2
1255,2.0,2.0,1218,2
1800,4.0,4.0,1219,1
1499,2.0,2.0,1219,2
1499,2.0,2.0,1219,2
1449,2.0,2.0,1219,2
1309,2.0,2.0,1219,2
2000,2.0,1.0,1220,0
1690,2.0,2.0,1220,2
1549,2.0,2.0,1220,2
1099,3.0,2.0,1220,2
2196,3.0,3.0,1221,2
1910,3.0,2.0,1221,2
1099,3.0,2.0,1221,2
800,2.0,2.0,1222,2
2399,3.0,2.0,1223,2
1600,4.0,4.0,1224,1
1299,3.0,2.0,1224,2
1255,2.0,2.0,1224,2
1208,3.0,2.0,1224,2
1179,3.0,2.0,1224,2
1175,3.0,2.0,1224,2
1170,2.0,2.0,1224,2
900,2.0,2.0,1224,2
390,3.0,2.0,1224,2
1660,3.0,1.0,1225,2
1295,2.0,2.0,1225,2
3094,3.0,2.0,1226,2
2989,3.0,2.0,1226,2
2989,3.0,2.0,1226,2
1595,2.0,2.0,1226,2
1300,1.0,1.5,1226,0
1287,2.0,2.0,1227,2
2260,3.0,2.0,1228,2
1300,3.0,2.0,1228,2
914,3.0,2.0,1228,2
1390,1.0,1.0,1229,0
1995,3.0,2.0,1230,2
1005,2.0,2.0,1230,2
3495,3.0,2.0,1232,2
875,2.0,1.0,1232,0
3990,2.0,2.0,1233,2
1775,3.0,2.0,1233,2
1775,3.0,2.0,1233,2
1575,3.0,2.0,1233,2
1330,2.0,2.0,1233,2
1850,1.0,2.0,1234,2
1780,3.0,2.0,1234,2
1529,3.0,2.0,1234,2
730,3.0,1.5,1234,2
4570,2.0,2.0,1236,2
2150,2.0,2.5,1236,2
1654,2.0,2.0,1236,2
1639,2.0,2.0,1236,2
1589,2.0,2.0,1236,2
1585,2.0,2.0,1236,2
1570,2.0,2.0,1236,2
1564,2.0,2.0,1236,2
1475,3.0,2.0,1236,2
1400,3.0,2.0,1236,2
1500,2.0,2.0,1237,2
1010,2.0,2.0,1237,2
1010,2.0,2.0,1237,2
1905,3.0,2.0,1238,2
1600,2.0,1.5,1238,2
999,3.0,2.0,1238,2
2365,2.0,2.0,1239,2
1645,2.0,2.0,1239,2
1795,2.0,1.5,1240,2
1350,2.0,3.0,1240,2
885,3.0,1.0,1240,2
3430,2.0,2.0,1241,2
2295,2.0,1.0,1241,0
1175,3.0,2.0,1241,2
4500,4.0,2.0,1242,1
1625,3.0,2.0,1242,2
1249,3.0,2.0,1242,2
1200,2.0,2.0,1242,2
1821,3.0,2.0,1244,2
1322,2.0,2.0,1244,2
1275,3.0,2.0,1244,2
1995,2.0,2.0,1245,2
1800,2.0,2.0,1245,2
1485,2.0,2.0,1245,2
1090,2.0,2.0,1245,2
930,2.0,2.0,1245,2
2895,3.0,2.0,1246,2
2750,3.0,2.0,1246,2
1745,2.0,2.0,1246,2
1431,3.0,2.5,1246,2
1350,2.0,2.0,1246,2
3895,3.0,3.0,1247,1
2250,2.0,2.0,1247,2
1430,3.0,2.0,1247,2
1370,2.0,2.0,1247,2
1149,3.0,2.0,1247,2
1275,3.0,2.0,1248,2
4450,2.0,2.0,1250,2
3500,2.0,2.0,1250,2
3150,2.0,2.0,1250,2
2825,2.0,2.0,1250,2
2495,3.0,2.0,1250,2
2375,3.0,2.0,1250,2
1905,2.0,2.0,1250,2
1740,2.0,2.0,1250,2
1650,3.0,1.5,1250,2
1595,1.0,1.0,1250,0
1350,3.0,2.0,1250,2
1250,2.0,2.0,1250,2
1100,3.0,1.0,1250,2
1095,2.0,1.5,1250,2
2995,3.0,1.5,1251,2
2399,2.0,2.0,1251,2
1425,3.0,2.0,1251,2
875,2.0,1.0,1251,0
2400,3.0,2.0,1252,2
1695,3.0,1.0,1253,2
1874,2.0,2.0,1254,2
1835,2.0,2.0,1254,2
1605,2.0,2.0,1254,2
1605,2.0,2.0,1254,2
1450,2.0,1.0,1254,0
1249,3.0,2.0,1254,2
1222,2.0,2.0,1254,2
1055,2.0,2.0,1254,2
1030,2.0,1.0,1254,0
1401,3.0,2.0,1255,2
1150,2.0,2.0,1255,2
890,2.0,1.0,1255,0
1700,2.0,3.0,1256,2
916,3.0,2.0,1256,2
1400,2.0,2.0,1257,2
1315,2.0,2.0,1257,2
1050,3.0,2.0,1257,2
2917,2.0,2.0,1258,2
1100,2.0,1.0,1258,0
2018,2.0,2.0,1259,2
3595,2.0,2.5,1260,2
1625,2.0,1.0,1260,0
1375,2.0,2.0,1260,2
1305,2.0,2.0,1260,2
1250,3.0,2.0,1260,2
880,3.0,2.0,1260,2
1988,2.0,2.0,1261,2
1199,3.0,2.0,1262,2
1449,3.0,2.0,1264,2
1260,2.0,2.0,1264,2
960,2.0,1.5,1264,2
3300,2.0,2.0,1265,2
2300,3.0,2.0,1265,2
2300,3.0,2.0,1265,2
2195,4.0,1.0,1265,2
2000,2.0,2.0,1265,2
1495,3.0,2.0,1265,2
1472,3.0,2.0,1265,2
1299,3.0,2.0,1265,2
1150,3.0,2.0,1265,2
1780,3.0,2.0,1266,2
1517,3.0,2.0,1266,2
2278,2.0,2.0,1267,2
1900,2.0,2.0,1268,2
1850,2.0,2.0,1268,2
1850,2.0,2.0,1268,2
1349,3.0,2.0,1268,2
2810,3.0,2.0,1269,2
1425,3.0,2.0,1269,2
1351,2.0,2.5,1269,2
6000,2.0,2.5,1270,1
2054,2.0,2.0,1270,2
1950,2.0,1.0,1270,0
1875,2.0,2.0,1270,2
1493,2.0,2.0,1270,2
1450,3.0,2.0,1270,2
1424,2.0,2.5,1270,2
2795,3.0,2.0,1271,2
1895,2.0,2.0,1271,2
905,2.0,1.0,1271,0
1430,2.0,2.0,1272,2
1259,3.0,2.0,1272,2
2565,2.0,2.0,1273,2
1850,1.0,1.5,1273,0
1199,3.0,2.0,1273,2
2411,2.0,2.0,1274,2
2274,2.0,2.0,1274,2
1895,3.0,2.0,1274,2
1450,2.0,2.0,1274,2
1378,3.0,2.0,1274,2
1350,2.0,2.0,1274,2
2800,3.0,2.0,1275,2
2550,2.0,2.0,1275,2
2495,2.0,2.0,1275,2
2138,3.0,2.0,1275,2
1950,2.0,1.5,1275,2
1645,3.0,2.0,1275,2
1559,2.0,2.0,1275,2
1410,2.0,2.0,1275,2
1350,3.0,2.0,1275,2
1295,2.0,2.0,1275,2
1245,3.0,1.0,1275,2
1175,1.0,1.0,1275,0
1081,2.0,2.5,1275,2
1025,2.0,2.0,1275,2
3000,3.0,1.5,1276,2
899,3.0,2.0,1276,2
1200,3.0,2.5,1277,2
995,2.0,2.0,1277,2
1425,3.0,2.0,1278,2
1100,3.0,2.0,1278,2
4799,2.0,2.5,1279,2
2276,2.0,2.0,1279,2
2048,3.0,2.0,1279,2
2710,2.0,2.0,1280,2
2055,2.0,2.0,1280,2
1951,2.0,2.0,1280,2
1650,2.0,2.0,1280,2
1327,3.0,2.0,1280,2
1253,3.0,2.0,1280,2
1085,2.0,2.0,1280,2
901,3.0,2.0,1280,2
825,2.0,1.0,1280,0
822,3.0,2.0,1280,2
1475,3.0,2.0,1281,2
1375,3.0,2.0,1282,2
2022,2.0,2.0,1283,2
1675,2.0,2.5,1284,2
1675,2.0,2.5,1284,2
1325,3.0,2.0,1284,2
1625,3.0,2.0,1285,2
1400,3.0,2.0,1285,2
1351,2.0,2.0,1285,2
1625,3.0,2.0,1286,2
1625,3.0,2.0,1286,2
1495,3.0,2.0,1286,2
1300,2.0,2.0,1286,2
1219,3.0,2.0,1286,2
1049,3.0,2.0,1286,2
2200,2.0,2.0,1287,2
1150,3.0,2.0,1287,2
2752,2.0,2.0,1288,2
1495,2.0,2.0,1288,2
1875,2.0,2.5,1289,2
1399,3.0,2.0,1289,2
3349,3.0,2.0,1290,2
3149,3.0,2.0,1290,2
1840,2.0,2.0,1290,2
1500,2.0,1.5,1290,2
1374,2.0,2.0,1290,2
1152,3.0,2.0,1290,2
815,2.0,1.0,1290,0
1995,2.0,2.5,1291,2
1629,3.0,2.0,1291,2
1332,2.0,1.5,1291,2
1560,3.0,2.0,1292,2
3050,2.0,2.0,1294,2
2041,2.0,2.0,1294,2
1449,2.0,2.0,1294,2
1449,2.0,2.0,1294,2
1419,2.0,2.0,1294,2
1295,3.0,2.0,1294,2
1059,2.0,2.0,1294,2
2690,2.0,2.0,1295,2
1564,2.0,2.0,1295,2
949,2.0,2.0,1295,2
845,3.0,2.0,1295,2
2400,3.0,1.5,1296,2
1888,2.0,2.5,1296,2
1670,2.0,2.0,1296,2
3243,2.0,2.0,1297,2
1580,2.0,1.0,1297,0
1442,2.0,2.0,1297,2
1885,3.0,2.0,1298,2
1399,3.0,2.0,1298,2
1415,2.0,2.0,1299,2
5995,2.0,2.0,1300,2
4955,3.0,2.0,1300,2
4000,3.0,2.0,1300,2
3450,2.0,1.5,1300,2
3400,2.0,2.0,1300,2
3198,2.0,2.0,1300,2
3150,2.0,2.0,1300,2
2750,3.0,1.0,1300,2
2625,5.0,2.0,1300,2
2575,2.0,2.0,1300,2
2495,3.0,2.0,1300,2
2422,2.0,2.0,1300,2
2295,2.0,2.0,1300,2
2100,1.0,1.0,1300,0
2095,3.0,2.0,1300,2
1995,2.0,2.0,1300,2
1988,2.0,2.0,1300,2
1950,3.0,2.0,1300,2
1800,4.0,3.0,1300,2
1700,3.0,2.0,1300,2
1595,2.0,2.5,1300,2
1499,3.0,1.0,1300,2
1475,2.0,2.0,1300,2
1410,3.0,2.0,1300,2
1350,2.0,2.0,1300,2
1295,2.0,1.0,1300,0
1225,3.0,2.0,1300,2
1200,3.0,1.5,1300,2
1199,2.0,2.0,1300,2
1150,1.0,1.0,1300,0
1095,2.0,1.5,1300,2
1035,2.0,2.0,1300,2
1020,2.0,2.0,1300,2
1000,2.0,1.0,1300,0
975,2.0,1.5,1300,2
950,3.0,2.0,1300,2
930,2.0,1.0,1300,0
900,3.0,2.0,1300,2
2298,3.0,2.0,1301,2
1837,3.0,2.0,1301,2
1679,4.0,2.0,1301,2
475,4.0,2.0,1301,2
3300,2.0,2.5,1302,2
1540,3.0,2.0,1302,2
3036,2.0,2.0,1303,2
3700,2.0,2.0,1304,2
2514,2.0,2.0,1304,2
2427,2.0,2.0,1304,2
1294,2.0,2.5,1304,2
3385,2.0,2.0,1305,2
3385,2.0,2.0,1305,2
2195,2.0,1.5,1305,2
1795,3.0,2.0,1305,2
1650,1.0,2.0,1305,2
1280,3.0,2.0,1305,2
1199,3.0,2.0,1305,2
725,2.0,1.0,1306,0
1899,3.0,2.0,1307,2
1625,3.0,2.5,1307,2
3417,2.0,2.5,1308,2
3333,2.0,2.5,1308,2
1064,3.0,2.0,1309,2
2900,3.0,2.0,1310,2
2750,2.0,1.5,1310,2
1699,2.0,2.0,1310,2
1395,2.0,2.5,1310,2
3661,2.0,2.0,1311,2
1210,3.0,2.0,1311,2
1170,3.0,2.0,1311,2
2000,3.0,2.0,1312,2
1611,2.0,2.0,1312,2
1500,3.0,2.0,1312,2
1349,3.0,2.0,1312,2
1175,3.0,2.0,1312,2
1150,3.0,2.0,1312,2
1112,3.0,2.0,1313,2
2927,2.0,2.0,1314,2
1165,3.0,2.0,1314,2
2002,2.0,2.5,1315,2
1695,3.0,2.5,1315,2
2055,2.0,2.5,1316,2
1350,3.0,2.0,1316,2
1895,2.0,2.5,1317,2
1465,3.0,2.0,1317,2
1295,3.0,2.0,1317,2
1095,3.0,2.0,1317,2
4250,3.0,3.0,1319,1
1266,2.0,2.5,1319,2
4200,5.0,2.0,1320,1
3415,2.0,2.0,1320,2
2695,2.0,2.0,1320,2
2060,2.0,1.5,1320,2
1924,2.0,2.0,1320,2
1305,2.0,2.0,1320,2
1092,3.0,2.0,1320,2
1850,3.0,2.0,1321,2
11000,2.0,2.0,1322,1
1399,3.0,2.0,1322,2
1825,2.0,2.0,1324,2
1625,2.0,2.0,1324,2
1620,2.0,2.0,1324,2
1575,2.0,2.0,1324,2
1250,2.0,2.0,1324,2
975,3.0,1.0,1324,2
13500,2.0,2.0,1325,1
2390,2.0,2.0,1325,2
2390,2.0,2.0,1325,2
1595,2.0,1.0,1325,0
1475,2.0,2.0,1325,2
1459,2.0,2.0,1325,2
1375,2.0,2.0,1325,2
1375,2.0,2.0,1325,2
1599,3.0,2.0,1326,2
1599,2.0,2.0,1327,2
1465,2.0,2.0,1327,2
4909,2.0,1.5,1328,2
1549,3.0,2.0,1329,2
2695,1.0,1.0,1330,0
1941,2.0,2.0,1330,2
1400,2.0,2.0,1330,2
1265,2.0,2.5,1330,2
920,2.0,1.0,1330,0
1300,3.0,2.0,1331,2
5000,2.0,2.0,1333,2
1989,3.0,2.0,1333,2
2300,2.0,2.0,1334,2
1369,3.0,2.0,1334,2
1369,3.0,2.0,1334,2
3750,2.0,2.5,1335,2
2895,2.0,2.0,1335,2
1389,2.0,2.0,1335,2
1800,2.0,2.5,1336,2
1779,3.0,2.0,1336,2
1225,3.0,2.0,1336,2
995,2.0,1.0,1336,0
2503,3.0,2.0,1337,2
1425,2.0,2.0,1337,2
2150,3.0,2.0,1338,2
1890,3.0,2.0,1338,2
1200,3.0,3.0,1338,2
1099,3.0,1.0,1338,2
1750,3.0,2.0,1339,2
1190,2.0,2.0,1339,2
1403,3.0,2.0,1340,2
1195,3.0,2.0,1340,2
1149,3.0,2.0,1340,2
1898,3.0,2.0,1341,2
950,2.0,1.0,1341,0
1625,3.0,1.0,1343,2
1299,4.0,2.0,1343,2
2649,3.0,2.0,1344,2
2472,3.0,2.0,1344,2
2095,2.0,2.5,1344,2
1935,3.0,1.0,1344,2
1572,2.0,2.0,1344,2
1299,3.0,2.0,1344,2
1249,3.0,3.0,1344,2
900,3.0,2.0,1344,2
2740,2.0,2.5,1345,2
1973,2.0,2.0,1345,2
1695,2.0,1.5,1345,2
1399,3.0,2.0,1345,2
1390,3.0,2.0,1345,2
1258,3.0,2.0,1346,2
1375,3.0,2.0,1347,2
1250,3.0,2.0,1348,2
1275,3.0,2.0,1349,2
2805,2.0,2.0,1350,2
2395,2.0,2.0,1350,2
1400,4.0,1.5,1350,2
1400,3.0,2.0,1350,2
1390,4.0,3.5,1350,2
1300,3.0,2.5,1350,2
1300,3.0,2.0,1350,2
1250,3.0,1.5,1350,2
1200,2.0,2.0,1350,2
1189,3.0,2.0,1350,2
1175,2.0,1.5,1350,2
1100,2.0,2.0,1350,2
999,3.0,2.0,1350,2
950,3.0,2.0,1350,2
799,3.0,1.0,1350,2
1549,4.0,2.0,1351,2
1429,3.0,2.0,1353,2
1349,3.0,2.0,1354,2
1518,2.0,2.0,1355,2
1450,4.0,1.0,1355,2
1395,2.0,2.0,1355,2
1339,2.0,2.0,1355,2
1850,3.0,2.0,1356,2
1300,3.0,2.0,1358,2
1300,3.0,2.0,1358,2
1299,3.0,2.0,1358,2
1599,3.0,2.0,1359,2
3400,3.0,2.5,1360,2
3395,3.0,2.0,1360,2
2400,2.0,2.0,1360,2
1550,2.0,2.5,1360,2
1499,2.0,2.5,1360,2
1910,2.0,2.0,1361,2
1199,3.0,2.0,1361,2
1340,2.0,2.0,1363,2
1250,4.0,2.0,1363,2
1449,3.0,2.0,1364,2
1450,2.0,2.5,1365,2
1220,3.0,2.5,1365,2
3350,3.0,2.5,1366,2
2475,3.0,2.0,1366,2
1691,3.0,2.0,1366,2
1580,3.0,2.0,1366,2
2019,3.0,2.0,1367,2
1249,4.0,2.0,1367,2
1336,3.0,2.0,1369,2
1120,3.0,2.0,1369,2
1091,2.0,2.0,1369,2
2795,2.0,2.5,1370,2
2500,3.0,1.5,1370,2
1200,2.0,2.0,1370,2
1199,3.0,3.0,1370,2
3250,3.0,2.0,1371,2
1995,3.0,2.0,1372,2
1969,2.0,2.5,1372,2
1399,3.0,2.0,1372,2
2488,3.0,1.0,1374,2
1300,3.0,1.5,1374,2
3500,2.0,2.5,1375,2
1549,3.0,2.0,1375,2
1900,2.0,1.5,1376,2
1350,3.0,2.0,1376,2
9395,3.0,2.0,1377,1
1092,3.0,2.0,1377,2
3497,2.0,2.0,1379,2
1662,3.0,2.0,1379,2
1249,3.0,2.0,1380,2
1583,3.0,2.0,1382,2
1500,3.0,2.0,1382,2
1650,3.0,2.0,1384,2
2208,3.0,2.0,1385,2
1895,3.0,2.0,1385,2
1800,2.0,2.0,1385,2
1449,3.0,2.0,1385,2
1431,3.0,1.0,1385,2
1399,3.0,2.0,1385,2
1050,3.0,1.5,1385,2
2495,5.0,1.0,1386,2
1714,3.0,2.0,1386,2
1599,2.0,2.0,1386,2
950,3.0,2.0,1386,2
1499,3.0,2.0,1388,2
3995,2.0,2.0,1389,2
4800,2.0,2.0,1390,2
1675,2.0,2.0,1390,2
1500,2.0,2.0,1390,2
2548,2.0,2.0,1391,2
1350,3.0,2.0,1391,2
1695,3.0,2.5,1392,2
1146,3.0,2.0,1392,2
2885,2.0,2.0,1393,2
1995,5.0,2.0,1393,2
3810,3.0,2.5,1395,2
1665,3.0,3.0,1395,2
1400,4.0,2.5,1395,2
1400,4.0,2.5,1395,2
2155,3.0,2.5,1396,2
1795,2.0,2.5,1396,2
795,2.0,1.0,1397,0
1995,2.0,2.0,1398,2
1499,3.0,2.0,1398,2
1229,2.0,2.0,1399,2
3750,4.0,2.0,1400,2
3495,2.0,2.0,1400,2
3100,2.0,2.5,1400,2
2995,2.0,2.0,1400,2
2995,2.0,1.5,1400,2
2695,3.0,1.0,1400,2
2460,2.0,2.0,1400,2
2450,3.0,2.0,1400,2
2400,2.0,2.5,1400,2
2400,2.0,1.5,1400,2
2400,2.0,2.0,1400,2
2190,3.0,3.5,1400,2
2099,3.0,3.0,1400,2
2058,2.0,2.0,1400,2
2012,3.0,2.0,1400,2
1700,1.0,1.0,1400,0
1700,3.0,2.0,1400,2
1695,3.0,2.5,1400,2
1676,3.0,2.0,1400,2
1600,2.0,1.0,1400,0
1550,2.0,2.0,1400,2
1500,2.0,2.0,1400,2
1429,2.0,2.5,1400,2
1400,2.0,1.0,1400,0
1395,3.0,1.0,1400,2
1375,3.0,2.5,1400,2
1300,3.0,2.0,1400,2
1300,3.0,1.0,1400,2
1299,3.0,2.0,1400,2
1295,3.0,3.0,1400,2
1295,3.0,3.0,1400,2
1295,3.0,1.0,1400,2
1250,2.0,2.0,1400,2
1199,3.0,2.5,1400,2
1125,2.0,1.5,1400,2
1100,4.0,1.0,1400,2
1090,3.0,2.0,1400,2
1075,2.0,2.5,1400,2
995,2.0,2.5,1400,2
995,2.0,1.5,1400,2
895,2.0,1.0,1400,0
895,2.0,1.0,1400,0
800,3.0,1.0,1400,2
1419,3.0,2.0,1402,2
1400,2.0,2.0,1402,2
1099,3.0,2.0,1402,2
2950,1.0,1.0,1403,0
2125,3.0,2.0,1403,2
1915,2.0,1.5,1405,2
1735,2.0,2.0,1405,2
1790,3.0,2.5,1406,2
1695,3.0,1.0,1406,2
950,3.0,1.5,1406,2
1785,3.0,3.0,1407,2
1349,3.0,2.0,1407,2
1325,3.0,2.0,1407,2
1105,3.0,2.0,1407,2
4100,2.0,2.0,1408,2
1299,3.0,2.0,1408,2
2600,2.0,2.0,1410,2
1750,2.0,2.0,1410,2
1675,3.0,2.0,1410,2
1599,3.0,3.0,1410,2
1500,3.0,2.0,1410,2
954,3.0,2.0,1410,2
1780,2.0,2.0,1412,2
1500,3.0,3.0,1412,2
1399,3.0,2.0,1412,2
1325,3.0,2.0,1412,2
1775,2.0,2.5,1413,2
1599,3.0,2.0,1413,2
3625,3.0,2.5,1414,2
2870,3.0,2.0,1415,2
2075,3.0,2.0,1415,2
2560,2.0,2.0,1416,2
1650,3.0,1.0,1416,2
1499,3.0,2.0,1416,2
1349,4.0,2.0,1416,2
1249,3.0,2.0,1416,2
1822,4.0,2.0,1417,2
1400,3.0,2.0,1417,2
52500,0.0,1.0,1418,1
2250,4.0,1.0,1418,2
1525,3.0,2.5,1419,2
1425,3.0,3.0,1419,2
2770,2.0,2.0,1422,2
1295,3.0,2.5,1422,2
1380,3.0,2.0,1423,2
1821,4.0,2.0,1424,2
2500,2.0,2.0,1425,2
1499,4.0,2.0,1425,2
1495,3.0,2.5,1425,2
1415,3.0,2.0,1425,2
3500,2.0,2.5,1428,2
3500,2.0,2.5,1428,2
2200,1.0,2.0,1428,2
2196,4.0,4.0,1429,1
1474,3.0,2.0,1429,2
1300,2.0,2.5,1429,2
1150,3.0,2.0,1429,2
2395,3.0,1.5,1430,2
1900,3.0,1.5,1430,2
1550,3.0,2.5,1430,2
1299,3.0,2.0,1430,2
1875,3.0,2.0,1432,2
1875,3.0,2.0,1432,2
2799,2.0,2.5,1433,2
2600,2.0,2.5,1434,2
2200,2.0,2.0,1434,2
1880,2.0,2.0,1436,2
1740,2.0,2.0,1436,2
2050,3.0,3.0,1438,2
1739,2.0,2.5,1438,2
1499,3.0,2.0,1438,2
1525,4.0,2.0,1439,2
4000,2.0,2.5,1440,2
2550,3.0,2.0,1440,2
2295,4.0,1.0,1440,2
2145,3.0,2.0,1440,2
1975,3.0,2.0,1440,2
1449,3.0,2.0,1440,2
1367,3.0,2.5,1440,2
1367,3.0,2.5,1440,2
1325,3.0,2.0,1440,2
1099,3.0,2.0,1440,2
2285,3.0,2.0,1441,2
1179,3.0,2.0,1443,2
1135,3.0,2.0,1443,2
1599,3.0,2.0,1444,2
1499,3.0,2.0,1444,2
1395,3.0,2.5,1444,2
1199,3.0,2.0,1444,2
1599,3.0,2.0,1445,2
2450,4.0,2.0,1446,2
1849,3.0,2.0,1446,2
2500,3.0,2.0,1447,2
1358,2.0,2.0,1448,2
1818,4.0,2.0,1449,2
8000,3.0,3.0,1450,1
4494,2.0,2.0,1450,2
3995,2.0,2.0,1450,2
1599,3.0,2.5,1450,2
1500,3.0,2.0,1450,2
1425,4.0,2.0,1450,2
1340,3.0,1.0,1450,2
1199,3.0,2.0,1450,2
1149,3.0,2.0,1450,2
2350,2.0,2.5,1451,2
1755,3.0,3.0,1452,2
1349,3.0,2.0,1452,2
1556,3.0,2.0,1454,2
1525,3.0,2.0,1454,2
1325,4.0,2.0,1454,2
1249,3.0,2.0,1454,2
2665,2.0,2.5,1455,2
2229,3.0,2.0,1455,2
1450,2.0,2.0,1455,2
1800,3.0,2.0,1456,2
1633,2.0,2.5,1456,2
1399,3.0,2.0,1456,2
5170,2.0,2.0,1457,2
1575,3.0,2.0,1457,2
1375,2.0,2.0,1457,2
1250,4.0,2.0,1457,2
1250,4.0,2.0,1457,2
800,3.0,2.5,1458,2
1700,3.0,2.5,1459,2
1425,3.0,2.0,1459,2
3150,3.0,2.0,1460,2
1450,3.0,1.0,1460,2
1299,3.0,2.0,1460,2
1650,3.0,2.0,1461,2
1475,3.0,2.0,1463,2
3800,2.0,2.0,1465,2
2743,2.0,2.0,1465,2
925,3.0,2.0,1465,2
2950,5.0,2.0,1467,1
1399,4.0,2.0,1468,2
3240,4.0,2.0,1470,2
2424,2.0,2.0,1470,2
2395,2.0,2.0,1470,2
960,3.0,3.0,1470,2
2201,3.0,2.0,1471,2
1495,3.0,2.0,1472,2
1550,3.0,2.5,1473,2
1217,2.0,2.0,1473,2
975,3.0,2.0,1473,2
817,3.0,2.0,1473,2
3200,4.0,2.5,1474,1
1449,3.0,2.0,1474,2
1449,3.0,2.0,1474,2
1449,3.0,2.0,1474,2
1550,3.0,2.0,1475,2
1771,4.0,2.0,1476,2
1449,3.0,2.0,1476,2
675,1.0,1.0,1476,0
1425,3.0,2.0,1477,2
4995,4.0,3.0,1480,1
1710,3.0,3.0,1480,2
1449,3.0,2.0,1480,2
1145,3.0,2.0,1480,2
1125,3.0,1.0,1481,2
3500,3.0,2.5,1484,2
2022,3.0,2.0,1485,2
1584,3.0,2.0,1486,2
2895,4.0,2.0,1488,2
1200,3.0,2.0,1488,2
1425,4.0,3.0,1489,2
2067,3.0,2.5,1490,2
2052,3.0,2.5,1490,2
1600,3.0,2.0,1490,2
1475,3.0,2.0,1490,2
1300,3.0,2.0,1490,2
1349,3.0,2.0,1491,2
1695,4.0,3.5,1494,1
3300,2.0,2.5,1495,2
3299,2.0,2.5,1495,2
1862,3.0,2.0,1495,2
1499,3.0,2.0,1495,2
1053,3.0,2.0,1495,2
1750,3.0,2.0,1496,2
950,2.0,2.0,1496,2
3050,3.0,2.5,1497,2
1995,2.0,2.0,1498,2
1485,2.0,2.0,1498,2
1449,2.0,2.0,1498,2
1425,4.0,2.0,1498,2
1812,3.0,2.0,1499,2
825,3.0,2.0,1499,2
5695,3.0,2.0,1500,1
4395,2.0,2.5,1500,2
4150,3.0,1.5,1500,2
3695,2.0,1.0,1500,2
3650,1.0,1.0,1500,0
3400,4.0,3.0,1500,1
3175,4.0,1.0,1500,2
2995,4.0,3.0,1500,1
2927,2.0,2.0,1500,2
2900,2.0,2.0,1500,2
2799,2.0,1.0,1500,2
2600,4.0,3.0,1500,1
2588,2.0,2.0,1500,2
2540,2.0,1.0,1500,2
2400,3.0,1.0,1500,2
2200,4.0,2.0,1500,2
2167,3.0,2.0,1500,2
1850,4.0,2.0,1500,2
1800,3.0,3.0,1500,2
1750,3.0,2.0,1500,2
1699,4.0,1.0,1500,2
1699,3.0,1.0,1500,2
1650,2.0,2.0,1500,2
1500,4.0,2.0,1500,2
1500,2.0,2.0,1500,2
1500,4.0,1.0,1500,2
1500,3.0,2.5,1500,2
1490,2.0,2.5,1500,2
1450,2.0,1.0,1500,2
1450,2.0,1.0,1500,2
1250,3.0,1.5,1500,2
1195,3.0,1.0,1500,2
1145,2.0,2.0,1500,2
1135,3.0,2.0,1500,2
1100,3.0,3.0,1500,2
1095,3.0,1.0,1500,2
1050,3.0,2.0,1500,2
1000,5.0,1.0,1500,2
1000,2.0,2.0,1500,2
1000,3.0,1.0,1500,2
950,2.0,2.0,1500,2
925,3.0,2.0,1500,2
750,3.0,2.0,1500,2
725,3.0,1.0,1500,2
599,3.0,3.5,1500,2
599,3.0,3.5,1500,2
1549,4.0,2.0,1501,2
1727,3.0,2.0,1502,2
1899,3.0,2.0,1503,2
1499,3.0,2.0,1503,2
1181,3.0,2.0,1503,2
1900,3.0,2.0,1504,2
1249,3.0,3.0,1504,2
4995,2.0,2.5,1506,1
4100,4.0,2.0,1506,1
1400,3.0,2.5,1508,2
1399,3.0,2.0,1508,2
1549,3.0,2.0,1510,2
3400,4.0,2.0,1512,2
2900,3.0,2.5,1512,2
2650,3.0,2.5,1512,2
1599,3.0,2.0,1512,2
1365,3.0,2.0,1512,2
4500,3.0,1.5,1515,2
1299,4.0,2.0,1516,2
1249,2.0,2.0,1517,2
1795,3.0,2.5,1518,2
1445,3.0,2.0,1518,2
2600,2.0,3.0,1519,2
3000,2.0,2.5,1520,2
1540,4.0,4.0,1520,1
1399,3.0,2.0,1520,2
1399,3.0,2.0,1520,2
1299,3.0,2.0,1520,2
1720,2.0,2.0,1521,2
2150,2.0,2.0,1522,2
1795,3.0,2.5,1522,2
4145,2.0,2.0,1524,2
1295,3.0,2.5,1524,2
3250,3.0,2.5,1525,2
1695,3.0,2.5,1525,2
1845,4.0,2.5,1526,2
1691,3.0,2.0,1526,2
3245,3.0,2.5,1527,2
1450,3.0,2.5,1528,2
1125,3.0,2.0,1528,2
1375,0.0,1.0,1530,0
1199,3.0,3.0,1530,2
1199,3.0,2.0,1532,2
1973,3.0,2.0,1533,2
2595,2.0,2.0,1534,2
975,3.0,1.5,1534,2
915,3.0,2.0,1535,2
2200,4.0,1.0,1536,2
1499,4.0,1.0,1536,2
2945,2.0,2.5,1538,2
1574,3.0,2.0,1538,2
1500,3.0,3.5,1539,2
1565,3.0,2.0,1540,2
1299,3.0,2.0,1540,2
1250,3.0,2.0,1540,2
3325,2.0,2.0,1541,2
3325,2.0,2.0,1541,2
2195,2.0,2.0,1541,2
2000,3.0,2.0,1541,2
1865,3.0,2.0,1542,2
1695,3.0,2.5,1542,2
1695,3.0,2.5,1542,2
1695,3.0,2.5,1542,2
1695,3.0,2.5,1542,2
1650,3.0,2.5,1542,2
1650,3.0,2.5,1542,2
1599,3.0,2.5,1542,2
1499,3.0,2.0,1544,2
1499,3.0,2.0,1544,2
2025,3.0,3.0,1545,2
2200,5.0,2.5,1549,1
4795,3.0,2.5,1550,1
2800,3.0,2.0,1550,2
2645,2.0,2.5,1550,2
1795,2.0,1.0,1550,2
1695,3.0,2.5,1550,2
1570,3.0,2.0,1550,2
1395,3.0,2.0,1550,2
1225,4.0,2.0,1550,2
1150,2.0,3.0,1550,2
4050,4.0,3.0,1552,1
3950,4.0,3.0,1552,1
1450,2.0,2.0,1552,2
1360,2.0,2.5,1552,2
1199,3.0,2.0,1553,2
5035,3.0,2.0,1555,1
4450,5.0,1.0,1555,1
1449,3.0,2.0,1555,2
1700,2.0,1.0,1556,2
2195,3.0,2.0,1558,2
1299,3.0,2.0,1558,2
2475,3.0,2.0,1559,2
1750,3.0,2.0,1559,2
2995,4.0,2.0,1560,2
1325,3.0,2.0,1560,2
2895,3.0,2.0,1562,2
1645,3.0,2.5,1562,2
1349,3.0,2.0,1564,2
1225,4.0,2.0,1566,2
1205,3.0,2.0,1566,2
1199,3.0,2.0,1566,2
1100,1.0,1.0,1567,0
2295,5.0,1.0,1568,2
1399,3.0,2.0,1568,2
7500,3.0,2.0,1570,1
2995,3.0,2.0,1570,2
1495,3.0,2.0,1570,2
1325,3.0,2.0,1570,2
1845,4.0,2.5,1572,2
1349,3.0,2.0,1572,2
3380,4.0,2.0,1573,2
2000,3.0,2.0,1574,2
1549,3.0,2.0,1574,2
2995,3.0,2.5,1575,2
1700,2.0,2.5,1575,2
1425,3.0,2.0,1575,2
1349,3.0,2.0,1578,2
1350,3.0,2.0,1580,2
1950,3.0,2.0,1581,2
1449,3.0,2.0,1581,2
1399,4.0,2.0,1582,2
1299,3.0,2.0,1582,2
1395,2.0,2.0,1583,2
3500,3.0,2.5,1584,2
1095,4.0,2.0,1584,2
1425,3.0,2.0,1586,2
3275,3.0,3.0,1588,1
1352,3.0,3.0,1588,2
2995,3.0,2.0,1590,2
2750,3.0,2.0,1590,2
2499,2.0,2.0,1590,2
1199,3.0,3.0,1591,2
1795,3.0,2.5,1592,2
1675,3.0,2.0,1593,2
2305,5.0,2.0,1594,2
1675,3.0,2.0,1594,2
1499,3.0,2.0,1594,2
4995,3.0,2.0,1595,1
2089,2.0,2.0,1595,2
1350,3.0,2.0,1595,2
3600,3.0,2.0,1596,2
1449,3.0,2.0,1596,2
1425,2.0,2.5,1596,2
1317,3.0,3.0,1596,2
3000,3.0,3.5,1597,1
1995,3.0,2.0,1597,2
3695,3.0,3.0,1600,1
3000,3.0,2.0,1600,2
2490,1.0,1.0,1600,0
1799,4.0,2.0,1600,2
1799,3.0,2.0,1600,2
1795,3.0,2.0,1600,2
1760,3.0,2.0,1600,2
1740,2.0,2.0,1600,2
1699,3.0,1.0,1600,2
1500,3.0,2.0,1600,2
1495,2.0,2.0,1600,2
1375,3.0,2.0,1600,2
1260,2.0,1.0,1600,2
1250,3.0,2.0,1600,2
1249,4.0,2.0,1600,2
1145,3.0,2.0,1600,2
900,2.0,1.5,1600,2
886,3.0,2.5,1600,2
886,3.0,2.5,1600,2
825,2.0,2.0,1600,2
2220,3.0,3.0,1601,2
1995,2.0,2.0,1601,2
1425,4.0,2.0,1601,2
1399,3.0,2.0,1603,2
1299,3.0,2.0,1604,2
1399,4.0,2.0,1607,2
1049,3.0,1.0,1609,2
1650,2.0,2.0,1610,2
1400,2.0,2.0,1610,2
1399,3.0,2.0,1610,2
1462,3.0,2.0,1611,2
4000,2.0,2.0,1612,2
1625,3.0,2.0,1612,2
2455,4.0,3.0,1613,1
2434,4.0,3.0,1613,1
2595,3.0,2.0,1615,2
2500,3.0,2.0,1615,2
1595,4.0,2.0,1616,2
1441,3.0,2.0,1617,2
1365,4.0,2.0,1620,2
1699,4.0,3.0,1621,2
771,3.0,2.0,1621,2
1235,3.0,1.0,1622,2
844,3.0,2.0,1623,2
1232,3.0,2.0,1624,2
1200,3.0,2.5,1624,2
1700,3.0,3.0,1625,2
1549,2.0,2.0,1626,2
1499,4.0,2.0,1627,2
1250,2.0,3.0,1627,2
1580,3.0,2.0,1630,2
1400,2.0,1.5,1630,2
1649,3.0,2.0,1631,2
1450,2.0,2.0,1632,2
1399,4.0,2.0,1633,2
2172,2.0,2.5,1635,2
10600,2.0,2.0,1636,1
1325,3.0,2.0,1637,2
2795,3.0,2.0,1640,2
2195,2.0,2.5,1640,2
1199,3.0,2.0,1642,2
2800,3.0,2.5,1647,2
1449,4.0,2.0,1648,2
1325,3.0,2.0,1648,2
1550,2.0,1.5,1649,2
4395,3.0,2.0,1650,1
2200,3.0,2.5,1650,2
2095,2.0,1.0,1650,2
1799,3.0,3.0,1650,2
1550,2.0,2.5,1650,2
1425,3.0,2.5,1650,2
1395,3.0,2.0,1650,2
1350,2.0,1.0,1650,2
1350,3.0,2.5,1650,2
1350,3.0,2.5,1650,2
2550,5.0,2.0,1651,1
1449,3.0,2.0,1652,2
1000,4.0,2.0,1654,2
1495,3.0,2.0,1655,2
2980,2.0,2.0,1656,2
1795,3.0,2.5,1656,2
1795,3.0,2.5,1656,2
1349,3.0,2.0,1656,2
1499,3.0,2.0,1657,2
1800,3.0,2.5,1660,2
1749,3.0,2.0,1662,2
1425,3.0,2.0,1662,2
1795,3.0,2.5,1665,2
1650,2.0,2.5,1665,2
1499,3.0,2.0,1665,2
1599,3.0,2.0,1666,2
1749,3.0,2.0,1667,2
1795,4.0,2.0,1668,2
1295,3.0,2.5,1668,2
1350,3.0,2.0,1670,2
1700,3.0,2.0,1671,2
1400,3.0,2.0,1671,2
1399,4.0,2.0,1672,2
3110,2.0,2.5,1673,2
3495,3.0,2.0,1675,2
2995,3.0,3.0,1675,1
2600,2.0,1.0,1675,2
2700,2.0,2.0,1676,2
2995,4.0,2.5,1677,1
2895,4.0,4.0,1679,1
5695,2.0,2.0,1680,1
1299,3.0,2.0,1680,2
1025,3.0,2.0,1682,2
1625,4.0,2.0,1684,2
1730,3.0,2.0,1685,2
1425,3.0,2.0,1688,2
1850,3.0,2.5,1690,2
1700,3.0,2.0,1690,2
1350,3.0,2.0,1690,2
1350,3.0,2.0,1690,2
1350,3.0,2.0,1690,2
1350,3.0,2.0,1690,2
4000,4.0,3.5,1691,1
1500,3.0,2.0,1693,2
1499,3.0,2.0,1693,2
1675,3.0,2.0,1695,2
2250,3.0,2.5,1696,2
1525,3.0,2.0,1698,2
1475,3.0,2.0,1699,2
3400,3.0,2.0,1700,2
2400,3.0,1.0,1700,2
2400,3.0,2.0,1700,2
2395,3.0,2.5,1700,2
2140,2.0,2.0,1700,2
2050,3.0,3.5,1700,1
1999,3.0,3.0,1700,2
1990,2.0,2.5,1700,2
1900,3.0,3.0,1700,2
1700,3.0,2.5,1700,2
1700,3.0,2.0,1700,2
1495,3.0,2.0,1700,2
1370,3.0,2.5,1700,2
1350,3.0,2.0,1700,2
2180,2.0,2.0,1702,2
2280,2.0,2.0,1703,2
1775,3.0,2.5,1704,2
1775,3.0,2.5,1704,2
1425,3.0,2.0,1704,2
1599,3.0,2.5,1705,2
1595,3.0,2.0,1705,2
1575,4.0,2.0,1705,2
1499,4.0,2.0,1706,2
1399,3.0,2.0,1713,2
2125,6.0,2.0,1714,1
1495,4.0,2.0,1715,2
1495,3.0,2.0,1718,2
1445,4.0,2.0,1718,2
1650,3.0,2.0,1719,2
3399,3.0,2.5,1721,1
1425,3.0,2.0,1721,2
4100,5.0,2.5,1723,1
1599,3.0,2.0,1723,2
1649,3.0,2.0,1724,2
1500,4.0,2.0,1726,2
1249,3.0,2.0,1726,2
4995,3.0,3.0,1728,1
1299,3.0,2.0,1728,2
1299,3.0,2.0,1728,2
6270,2.0,2.0,1729,1
5200,3.0,2.5,1730,1
4600,2.0,2.5,1730,1
1495,4.0,2.0,1730,2
1449,3.0,2.0,1731,2
3300,2.0,2.5,1734,2
1695,4.0,2.5,1738,2
1695,4.0,2.5,1738,2
1675,4.0,2.5,1738,2
1595,4.0,2.5,1738,2
1475,4.0,2.0,1738,2
3990,3.0,2.5,1739,1
1800,3.0,2.0,1747,2
6800,3.0,2.0,1748,1
1449,3.0,2.0,1748,2
3675,4.0,2.0,1750,1
2450,4.0,3.0,1750,1
1750,3.0,3.5,1750,1
1700,2.0,1.0,1750,2
1700,4.0,1.0,1750,2
1599,4.0,2.0,1750,2
1550,3.0,2.0,1750,2
1500,4.0,1.0,1750,2
1450,3.0,2.5,1750,2
2845,4.0,2.0,1758,2
1450,3.0,2.0,1758,2
2575,3.0,2.5,1760,2
2400,3.0,2.5,1760,2
1695,4.0,2.0,1760,2
1600,3.0,2.0,1760,2
1475,3.0,2.0,1760,2
1350,3.0,1.5,1760,2
1549,3.0,2.0,1762,2
2900,2.0,2.0,1763,2
2098,5.0,2.0,1764,1
1425,4.0,2.0,1764,2
2350,3.0,2.5,1765,2
1450,3.0,2.5,1767,2
1449,3.0,2.0,1767,2
1299,3.0,3.0,1772,2
6912,3.0,3.0,1775,1
2000,3.0,2.0,1775,2
1400,3.0,2.0,1776,2
3695,4.0,2.0,1778,1
1650,2.0,3.0,1778,2
2250,4.0,2.0,1783,2
2000,4.0,4.5,1783,1
1295,3.0,2.0,1783,2
1575,4.0,2.0,1787,2
1449,3.0,2.0,1788,2
1399,3.0,2.0,1788,2
3295,3.0,2.5,1790,1
1599,4.0,2.0,1790,2
4000,2.0,2.0,1800,2
3400,3.0,3.0,1800,1
2900,3.0,2.0,1800,2
2500,5.0,2.0,1800,1
2295,2.0,2.0,1800,2
2099,3.0,3.0,1800,2
1995,3.0,2.0,1800,2
1900,2.0,2.5,1800,2
1900,4.0,2.0,1800,2
1800,2.0,2.0,1800,2
1795,3.0,2.0,1800,2
1595,4.0,2.0,1800,2
1595,3.0,2.0,1800,2
1500,5.0,1.5,1800,2
1500,3.0,2.0,1800,2
1400,4.0,4.0,1800,1
1395,3.0,2.0,1800,2
1375,3.0,2.0,1800,2
1265,3.0,2.0,1800,2
1200,4.0,2.0,1800,2
995,2.0,1.0,1800,2
995,2.0,2.0,1800,2
1610,4.0,3.0,1801,1
1775,4.0,3.0,1804,1
3200,5.0,3.0,1805,1
2055,1.0,1.5,1805,2
1695,4.0,2.5,1805,2
1695,4.0,2.5,1805,2
1695,4.0,2.5,1805,2
1695,4.0,2.5,1805,2
1575,3.0,2.0,1805,2
1549,3.0,2.0,1806,2
1549,3.0,2.0,1807,2
2800,3.0,2.0,1810,2
1249,4.0,3.0,1810,2
1525,3.0,2.5,1811,2
1895,4.0,2.5,1812,2
1990,3.0,4.0,1815,1
1450,3.0,2.5,1816,2
1895,3.0,3.0,1820,2
1895,3.0,2.5,1820,2
1325,3.0,2.0,1820,2
1349,3.0,2.0,1822,2
1345,3.0,2.5,1823,2
1525,4.0,3.0,1824,1
1690,3.0,2.5,1825,2
1800,3.0,2.5,1828,2
1525,3.0,2.0,1830,2
1525,3.0,1.0,1830,2
1750,2.0,2.5,1831,2
1625,4.0,2.5,1832,2
1595,4.0,2.0,1832,2
1440,4.0,2.0,1832,2
1895,3.0,2.5,1833,2
1750,3.0,2.5,1833,2
1695,3.0,2.5,1833,2
1100,3.0,2.0,1833,2
1795,3.0,2.0,1835,2
1525,3.0,2.0,1835,2
1499,4.0,2.0,1836,2
1399,4.0,2.0,1836,2
2250,3.0,3.5,1840,1
1300,4.0,2.0,1840,2
1649,4.0,2.0,1842,2
1475,4.0,2.0,1842,2
595,2.0,1.0,1845,2
2625,5.0,3.0,1850,1
1625,4.0,2.5,1850,2
1495,3.0,2.0,1850,2
1425,3.0,2.0,1850,2
1345,5.0,2.0,1850,2
1200,4.0,1.0,1850,2
2047,3.0,2.5,1851,2
1450,3.0,2.0,1852,2
1900,3.0,2.5,1854,2
2380,3.0,3.0,1856,1
2350,3.0,2.0,1857,2
1399,4.0,2.0,1857,2
1549,3.0,2.0,1865,2
1600,3.0,2.0,1866,2
1599,3.0,2.0,1868,2
1575,3.0,2.0,1868,2
1525,4.0,2.0,1868,2
1400,4.0,3.0,1869,1
1995,3.0,2.0,1870,2
1000,3.0,2.0,1870,2
3100,4.0,2.5,1871,1
2060,4.0,3.0,1874,1
1750,3.0,2.0,1874,2
4995,2.0,2.0,1875,1
3600,4.0,2.0,1875,1
3595,3.0,2.5,1876,1
1475,4.0,2.0,1876,2
1495,3.0,2.0,1878,2
1695,3.0,2.0,1879,2
3975,3.0,2.0,1881,1
7000,2.0,2.0,1882,1
4525,3.0,2.5,1884,1
1500,4.0,4.0,1884,1
3454,4.0,3.0,1885,1
1725,4.0,2.0,1886,2
1250,3.0,2.0,1886,2
1775,3.0,2.0,1890,2
1449,4.0,2.0,1891,2
5500,2.0,2.0,1892,1
1725,4.0,2.0,1894,2
1795,3.0,2.0,1895,2
1450,3.0,2.0,1896,2
1850,3.0,2.0,1898,2
4200,2.0,2.0,1900,2
4000,3.0,2.5,1900,1
3150,4.0,3.0,1900,1
2795,3.0,2.0,1900,2
2305,2.0,2.0,1900,2
2000,3.0,2.5,1900,2
1600,1.0,1.5,1900,2
1500,4.0,2.0,1900,2
1599,3.0,2.0,1904,2
1399,3.0,2.0,1904,2
1849,3.0,2.0,1907,2
1275,3.0,2.0,1908,2
2200,5.0,3.5,1909,1
1650,3.0,2.5,1909,2
4000,4.0,3.0,1910,1
1900,3.0,3.5,1911,1
2775,3.0,2.0,1912,2
1399,4.0,2.0,1913,2
2733,2.0,3.0,1917,2
2300,3.0,4.0,1918,1
1649,4.0,2.0,1918,2
1499,3.0,2.0,1918,2
4500,5.0,3.0,1920,1
1850,4.0,4.0,1920,1
1400,3.0,2.5,1920,2
1425,4.0,3.0,1921,1
1549,4.0,2.0,1927,2
1495,3.0,2.5,1928,2
2200,3.0,2.0,1929,2
7500,3.0,2.0,1931,1
4000,4.0,2.0,1932,1
3995,4.0,2.5,1933,1
3150,3.0,2.5,1936,1
1750,3.0,2.5,1936,2
1800,4.0,2.5,1938,1
2095,3.0,2.0,1940,2
1250,4.0,1.5,1940,2
1550,4.0,2.5,1941,2
2150,3.0,2.5,1942,2
2100,3.0,3.0,1944,1
1850,4.0,2.5,1946,1
2200,4.0,2.5,1947,1
1749,4.0,2.0,1947,2
5595,4.0,4.0,1950,1
4500,5.0,2.0,1950,1
2800,4.0,2.0,1950,1
1795,3.0,2.5,1950,2
1549,3.0,2.0,1950,2
1299,3.0,2.0,1950,2
575,4.0,4.0,1950,1
1599,3.0,2.0,1957,2
4195,3.0,2.0,1958,1
2950,3.0,2.0,1959,2
1349,3.0,2.0,1959,2
1899,4.0,2.0,1962,2
1315,3.0,1.0,1966,2
1500,4.0,2.0,1968,2
1500,3.0,3.5,1968,1
1500,3.0,3.5,1968,1
665,4.0,2.0,1968,2
1695,2.0,2.0,1971,2
2700,2.0,2.0,1974,2
1549,3.0,2.0,1974,2
1985,3.0,2.5,1975,2
2650,4.0,2.0,1977,1
1750,4.0,3.5,1977,1
1750,4.0,2.0,1980,2
1525,4.0,2.0,1980,2
1525,3.0,3.0,1980,2
9500,2.0,3.5,1992,1
1499,3.0,2.0,1992,2
1649,4.0,2.0,1994,2
1299,3.0,2.0,1996,2
3150,3.0,3.0,1999,1
5000,4.0,2.0,2000,1
4600,3.0,3.0,2000,1
3925,2.0,2.0,2000,2
3800,5.0,2.0,2000,1
3600,3.0,3.0,2000,1
3500,2.0,2.0,2000,2
3400,5.0,1.5,2000,1
2600,2.0,2.0,2000,2
2200,4.0,2.5,2000,1
2000,3.0,2.5,2000,2
1995,3.0,2.0,2000,2
1995,4.0,1.0,2000,2
1750,3.0,2.5,2000,2
1700,4.0,2.0,2000,2
1620,4.0,2.0,2000,2
1600,3.0,2.0,2000,2
1200,4.0,2.0,2004,2
3000,3.0,2.0,2008,2
2995,2.0,2.0,2010,2
1549,3.0,2.0,2010,2
1499,4.0,2.0,2012,2
1349,4.0,2.0,2015,2
2850,3.0,2.5,2016,1
2000,2.0,2.0,2016,2
1400,3.0,2.0,2017,2
2050,3.0,2.5,2019,2
2050,3.0,2.5,2019,2
1549,3.0,2.0,2020,2
2100,2.0,2.0,2021,2
1995,3.0,2.0,2021,2
1399,3.0,2.0,2024,2
2680,3.0,2.0,2030,2
1275,3.0,2.0,2032,2
1549,4.0,2.0,2034,2
1750,4.0,2.5,2035,1
2300,3.0,2.5,2037,2
1675,4.0,3.0,2039,1
2900,4.0,2.0,2040,1
1349,4.0,2.0,2040,2
3700,3.0,3.0,2041,1
2450,4.0,3.5,2042,1
1449,3.0,2.0,2042,2
3200,2.0,2.5,2046,2
1045,3.0,1.0,2048,2
4500,5.0,2.0,2050,1
1700,4.0,3.0,2054,1
1595,3.0,2.0,2060,2
1500,4.0,3.0,2060,1
1499,4.0,2.0,2060,2
1575,4.0,2.0,2064,2
1525,4.0,2.0,2065,2
1750,3.0,2.5,2068,2
2800,3.0,2.0,2070,2
1675,4.0,2.0,2072,2
1595,3.0,2.0,2076,2
3400,4.0,2.0,2083,1
2300,3.0,3.0,2084,1
2400,2.0,2.0,2086,2
2200,3.0,3.5,2087,1
1649,4.0,2.0,2088,2
1499,4.0,2.0,2092,2
1399,4.0,2.0,2099,2
6300,5.0,2.0,2100,1
6000,3.0,2.5,2100,1
4500,3.0,3.0,2100,1
4495,3.0,2.5,2100,1
3580,4.0,2.0,2100,1
2890,6.0,2.0,2100,1
2500,3.0,3.5,2100,1
2500,2.0,2.0,2100,2
2200,3.0,2.0,2100,2
1975,3.0,3.5,2100,1
1875,3.0,2.0,2100,2
1650,4.0,3.0,2100,1
1649,3.0,2.0,2100,2
1600,4.0,2.5,2100,1
2375,3.0,3.5,2101,1
9500,4.0,4.0,2102,1
1349,4.0,2.0,2102,2
1799,4.0,3.0,2106,1
1450,4.0,2.0,2108,2
1750,3.0,2.5,2114,2
1900,3.0,2.0,2115,2
2395,3.0,2.0,2120,2
2150,3.0,2.0,2120,2
1350,3.0,2.0,2122,2
1250,4.0,2.0,2123,2
3800,5.0,3.0,2126,1
1325,4.0,3.0,2128,1
6700,3.0,3.0,2130,1
1695,4.0,2.0,2130,2
1895,4.0,2.5,2132,1
5250,5.0,2.0,2138,1
1649,4.0,2.0,2144,2
1700,4.0,3.0,2147,1
3200,3.0,2.0,2149,1
1995,3.0,2.5,2150,2
1950,4.0,2.5,2150,1
1825,4.0,2.5,2150,1
1799,4.0,3.0,2157,1
1449,3.0,2.0,2157,2
3700,4.0,2.0,2158,1
2095,4.0,2.5,2158,1
1695,4.0,2.5,2158,1
1675,4.0,2.5,2159,1
1895,4.0,2.0,2162,1
1895,4.0,2.0,2162,1
1795,4.0,3.5,2164,1
1725,3.0,2.0,2166,2
1695,4.0,3.0,2169,1
1700,2.0,1.0,2170,2
1820,3.0,2.0,2174,2
2100,4.0,4.0,2175,1
4850,4.0,3.0,2176,1
2575,3.0,3.0,2176,1
1175,3.0,2.0,2176,2
1525,4.0,2.0,2177,2
1600,4.0,3.0,2178,1
1349,4.0,2.0,2187,2
1325,4.0,2.0,2192,2
2395,4.0,2.5,2196,1
1850,3.0,2.0,2196,2
1750,3.0,2.5,2199,2
1725,3.0,2.5,2199,2
4995,3.0,2.5,2200,1
2899,5.0,2.0,2200,1
2200,4.0,3.0,2200,1
2200,5.0,2.5,2200,1
2000,4.0,3.5,2200,1
1700,4.0,4.5,2200,1
1299,4.0,2.0,2200,2
1250,4.0,2.0,2200,2
2700,3.0,2.5,2205,1
2295,3.0,2.5,2205,1
6400,3.0,2.5,2207,1
2100,4.0,2.5,2210,1
1795,4.0,2.5,2210,1
430,4.0,3.0,2214,1
3195,5.0,2.0,2215,1
1649,4.0,2.0,2216,2
595,2.0,1.0,2216,2
1750,3.0,2.0,2218,2
1399,3.0,2.0,2220,2
1275,4.0,3.0,2224,1
2225,5.0,2.0,2225,1
2800,3.0,3.5,2232,1
5495,3.0,3.5,2234,1
2500,3.0,3.0,2238,1
1599,3.0,2.0,2238,2
1825,4.0,2.0,2239,1
1750,3.0,2.0,2242,2
2250,4.0,2.0,2246,1
4000,5.0,4.0,2247,1
2300,3.0,3.0,2266,1
1600,4.0,4.0,2266,1
1595,3.0,2.5,2270,2
1575,4.0,3.0,2275,1
3950,3.0,4.5,2280,1
2300,6.0,3.0,2280,1
1995,4.0,2.5,2280,1
3000,3.0,3.0,2281,1
7240,3.0,2.0,2283,1
5350,2.0,3.5,2283,1
4800,5.0,3.0,2284,1
1900,5.0,3.0,2288,1
2145,4.0,2.0,2291,1
1950,3.0,3.0,2298,1
4800,5.0,4.0,2300,1
4000,4.0,3.0,2300,1
3495,3.0,1.5,2300,1
2750,3.0,3.0,2300,1
2695,3.0,2.0,2300,1
1750,3.0,2.0,2300,2
1749,4.0,2.5,2300,1
1595,4.0,2.5,2300,1
1500,3.0,3.5,2300,1
1800,3.0,4.0,2302,1
2100,4.0,2.5,2303,1
4250,3.0,2.0,2314,1
2195,4.0,2.5,2321,1
1795,4.0,2.0,2322,1
4850,3.0,3.0,2323,1
2750,4.0,3.0,2328,1
1349,3.0,2.0,2328,2
9500,3.0,3.0,2330,1
4900,5.0,2.5,2336,1
1599,4.0,3.0,2340,1
2275,4.0,3.5,2344,1
3675,4.0,2.0,2345,1
3295,3.0,2.0,2348,1
2250,6.0,5.0,2354,1
1700,3.0,2.5,2371,1
1895,5.0,3.5,2379,1
2250,4.0,3.5,2383,1
2050,5.0,1.0,2386,1
1899,4.0,3.0,2392,1
1750,4.0,3.0,2397,1
7200,4.0,3.0,2400,1
2945,4.0,3.0,2400,1
2700,3.0,2.5,2400,1
2495,4.0,2.5,2400,1
2400,3.0,2.0,2400,1
2355,3.0,3.5,2400,1
1600,3.0,2.0,2407,2
1995,4.0,2.0,2408,1
4999,3.0,2.5,2414,1
3095,3.0,2.0,2420,1
2525,3.0,2.5,2421,1
2737,3.0,4.0,2425,1
1699,4.0,2.0,2425,1
1699,4.0,2.0,2426,1
2395,3.0,2.5,2427,1
2095,4.0,3.0,2428,1
1575,5.0,2.5,2436,1
1395,4.0,2.0,2436,1
2400,4.0,3.5,2438,1
3850,4.0,3.0,2440,1
3095,3.0,2.5,2440,1
3200,3.0,2.5,2441,1
1549,3.0,2.0,2446,2
2150,4.0,3.5,2447,1
1449,4.0,2.0,2448,1
4395,5.0,3.0,2450,1
2100,3.0,2.0,2450,1
2130,6.0,2.0,2454,1
2195,4.0,3.0,2455,1
2200,3.0,2.5,2458,1
1395,4.0,2.5,2467,1
1350,4.0,3.5,2473,1
1300,4.0,3.0,2474,1
1949,4.0,3.0,2478,1
2000,3.0,2.5,2485,1
3600,3.0,3.5,2486,1
1745,3.0,2.0,2489,2
1649,4.0,2.0,2490,1
850,2.0,2.0,2492,2
1950,4.0,2.5,2494,1
6995,3.0,3.0,2500,1
4000,3.0,3.5,2500,1
3800,4.0,2.0,2500,1
2130,6.0,2.0,2500,1
2000,5.0,2.0,2500,1
1900,3.0,2.5,2500,1
1800,5.0,2.0,2500,1
1540,4.0,2.0,2500,1
1499,4.0,2.0,2500,1
1899,5.0,2.0,2508,1
1900,4.0,2.5,2510,1
2400,4.0,3.0,2516,1
1100,5.0,2.0,2520,1
2595,4.0,2.5,2527,1
2700,4.0,3.0,2528,1
13000,3.0,3.0,2530,1
2895,4.0,2.5,2532,1
2580,4.0,2.0,2535,1
1995,2.0,2.0,2539,2
1995,5.0,3.5,2546,1
4195,3.0,2.0,2562,1
1549,4.0,2.0,2563,1
2250,3.0,3.0,2567,1
1995,3.0,3.0,2576,1
1499,4.0,3.0,2593,1
2300,4.0,3.0,2594,1
1549,4.0,2.0,2598,1
2800,2.0,2.0,2600,1
2650,4.0,3.0,2600,1
4750,4.0,3.0,2605,1
8500,4.0,3.5,2613,1
3400,3.0,3.0,2625,1
1250,3.0,2.0,2628,2
2099,3.0,2.0,2629,1
2250,5.0,3.0,2634,1
1499,5.0,2.0,2640,1
2445,4.0,2.5,2648,1
6850,4.0,2.5,2650,1
1750,4.0,3.0,2661,1
3800,4.0,3.0,2666,1
3200,5.0,3.0,2670,1
2500,4.0,2.5,2673,1
1749,4.0,2.0,2673,1
2375,3.0,3.0,2674,1
7000,3.0,3.5,2678,1
4695,5.0,3.5,2680,1
1700,3.0,2.5,2680,1
4500,4.0,3.5,2700,1
2495,5.0,3.5,2700,1
2000,4.0,2.5,2700,1
1675,3.0,2.0,2702,1
5765,4.0,2.5,2710,1
2595,4.0,2.0,2730,1
1795,5.0,3.0,2736,1
6995,5.0,4.5,2738,1
4500,3.0,2.5,2746,1
2995,3.0,2.5,2746,1
2995,5.0,2.5,2751,1
2370,5.0,3.0,2760,1
5200,3.0,3.0,2777,1
3395,4.0,3.0,2781,1
1375,3.0,2.0,2784,1
7000,5.0,3.5,2800,1
4200,4.0,3.0,2800,1
2995,4.0,2.5,2800,1
2350,5.0,3.5,2800,1
1475,3.0,2.0,2800,1
2900,4.0,3.0,2808,1
2500,4.0,2.0,2823,1
2590,3.0,4.0,2828,1
2500,4.0,4.0,2829,1
3995,3.0,3.0,2831,1
2740,4.0,2.0,2837,1
2495,4.0,3.0,2844,1
2595,3.0,2.5,2850,1
1900,4.0,2.5,2856,1
2495,5.0,3.0,2878,1
2300,4.0,2.5,2879,1
6500,5.0,3.0,2894,1
3495,5.0,2.5,2900,1
2900,4.0,3.0,2900,1
4300,5.0,3.0,2906,1
8800,4.0,4.0,2916,1
2750,5.0,3.0,2916,1
2999,4.0,2.5,2922,1
4800,3.0,2.5,2925,1
2595,5.0,3.0,2940,1
3000,5.0,3.5,2957,1
3999,5.0,4.0,2980,1
2100,4.0,3.5,2980,1
1549,3.0,2.0,2982,1
1775,5.0,2.0,2986,1
2750,3.0,2.0,2990,1
4430,6.0,2.5,2995,1
7700,7.0,7.0,3000,1
3895,5.0,2.0,3000,1
3500,3.0,2.0,3000,1
3000,3.0,2.0,3000,1
2895,4.0,2.5,3000,1
1995,4.0,2.5,3000,1
3295,5.0,4.0,3005,1
1750,4.0,3.0,3011,1
4000,5.0,3.5,3021,1
4400,4.0,3.5,3036,1
5355,7.0,2.0,3058,1
2850,4.0,3.5,3071,1
3195,2.0,3.0,3077,1
3200,4.0,4.0,3100,1
2750,4.0,2.0,3100,1
5499,3.0,2.5,3106,1
3500,4.0,3.5,3114,1
4750,4.0,3.5,3116,1
6500,4.0,5.5,3117,1
2700,4.0,4.0,3123,1
5200,4.0,4.0,3127,1
4045,5.0,2.5,3140,1
2400,3.0,4.0,3148,1
2899,4.0,2.5,3156,1
2395,4.0,3.0,3173,1
5700,4.0,3.5,3176,1
3295,4.0,3.5,3180,1
2995,5.0,3.0,3199,1
8900,4.0,4.0,3200,1
2600,4.0,2.5,3200,1
2597,4.0,4.0,3200,1
4999,5.0,3.0,3208,1
1795,4.0,4.0,3208,1
2695,3.0,3.5,3213,1
8200,4.0,4.0,3250,1
1499,4.0,2.0,3264,1
2500,4.0,4.0,3280,1
2000,5.0,3.5,3280,1
2200,4.0,3.0,3325,1
7500,3.0,3.0,3331,1
4950,4.0,3.0,3350,1
2495,6.0,3.5,3369,1
11000,5.0,1.0,3395,1
6900,4.0,4.0,3400,1
1695,4.0,3.5,3400,1
1365,3.0,2.5,3400,1
3600,4.0,3.0,3474,1
3200,4.0,3.0,3475,1
2500,3.0,2.0,3500,1
2550,5.0,3.0,3525,1
5500,4.0,4.0,3570,1
4000,8.0,4.0,3580,1
4800,5.0,3.0,3595,1
2750,4.0,2.5,3604,1
3000,3.0,2.5,3622,1
2500,4.0,4.5,3630,1
2745,4.0,3.5,3700,1
2550,4.0,3.0,3731,1
1799,4.0,3.0,3740,1
2295,5.0,3.5,3748,1
3750,4.0,4.5,3797,1
6500,4.0,4.0,3800,1
5499,5.0,4.5,3807,1
7000,6.0,4.0,3820,1
1995,5.0,4.5,3888,1
2599,5.0,4.0,3966,1
3195,9.0,5.0,4000,1
2550,5.0,3.5,4000,1
14950,6.0,4.0,4044,1
2950,4.0,3.5,4075,1
4500,4.0,4.0,4113,1
9450,5.0,4.5,4262,1
9000,7.0,7.0,4355,1
2900,3.0,3.5,4408,1
4350,4.0,4.5,4480,1
2500,4.0,4.5,4500,1
6500,4.0,5.0,4555,1
3100,4.0,2.0,4560,1
2395,5.0,3.5,4614,1
7800,4.0,3.5,4650,1
7600,6.0,4.5,4733,1
4200,5.0,4.0,4736,1
4500,5.0,5.0,4741,1
9500,5.0,6.0,4812,1
8345,8.0,4.0,4900,1
3980,5.0,3.5,4970,1
19500,4.0,5.0,5000,1
3200,6.0,5.0,5199,1
4500,4.0,5.0,5407,1
6900,5.0,5.0,5700,1
3000,6.0,4.0,5921,1
6000,5.0,4.0,6300,1
25000,6.0,8.0,8716,1
11000,6.0,8.5,11318,1
1009,1.0,1.0,880,0

